time,MILLCREEK0,MILLCREEK1,MILLCREEK2,MILLCREEK3,MILLCREEK4,MILLCREEK5,MILLCREEK6,MILLCREEK7
91.47869674185,-6523.794124559301,-6232.840985868985,-7880.034083629142,-8104.826521327941,-7988.415059074463,-4967.784107841040,.000000000000000,.000000000000000
210.4010025063,-6389.264360647008,-6079.770369116870,-7653.560139874620,-7780.131194032310,-7634.595220902091,-4570.592535692160,.000000000000000,.000000000000000
365.0000000000,-6321.294471063451,-6007.988822078201,-7554.707541804453,-7661.412254105076,-7509.895562453643,-4432.466432424559,.000000000000000,.000000000000000
366.0000000000,-6261.621980209431,-5930.050634860601,-7527.230662579002,-7640.445499496776,-7488.553179012135,-4410.498695103033,.000000000000000,.000000000000000
367.0000000000,-6253.921069184695,-5919.147179560277,-7504.002406720680,-7620.321540381652,-7468.254020471193,-4389.781683692698,.000000000000000,.000000000000000
368.0000000000,-6245.568029557353,-5908.238940434858,-7483.592161849281,-7600.932990007941,-7448.778226953627,-4370.022926931604,.000000000000000,.000000000000000
369.0000000000,-6236.938235644728,-5897.531276254993,-7465.144160168877,-7582.228076215457,-7430.004844402145,-4351.038758155182,.000000000000000,.000000000000000
370.0000000000,-6228.117489313681,-5887.009613643231,-7448.103666870988,-7564.158036423283,-7411.848448055631,-4332.700596512603,.000000000000000,.000000000000000
371.0000000000,-6219.156452679768,-5876.650752197589,-7432.102720463132,-7546.674414870204,-7394.244326617287,-4314.915204051160,.000000000000000,.000000000000000
372.0000000000,-6210.090248458207,-5866.434641193466,-7416.892449315343,-7529.729697724546,-7377.140858308694,-4297.612944571811,.000000000000000,.000000000000000
373.0000000000,-6200.934000266307,-5856.333445765023,-7402.296832716316,-7513.275239740033,-7360.492281626126,-4280.738375228606,.000000000000000,.000000000000000
374.0000000000,-6395.694673501863,-6054.633065143582,-7450.757231208026,-7540.503797645646,-7385.963729716395,-4306.251503444788,.000000000000000,.000000000000000
375.0000000000,-6211.005760846925,-5866.740768915990,-7427.865784361904,-7523.533522811797,-7368.742600520760,-4288.128712552376,.000000000000000,.000000000000000
376.0000000000,-6937.835002475646,-6626.709468830357,-7645.304666454329,-7674.823389405270,-7515.185336179504,-4434.501847831836,.000000000000000,.000000000000000
377.0000000000,-7076.119464022275,-6774.608262166468,-7849.814683374523,-7837.451275099855,-7673.155079663524,-4591.022369143613,.000000000000000,.000000000000000
378.0000000000,-6396.561235745343,-6065.684974789190,-7772.377134851100,-7810.380155750036,-7646.052409235182,-4560.421321804733,.000000000000000,.000000000000000
379.0000000000,-6382.411488842716,-6046.656250962811,-7715.061287091152,-7784.590890147014,-7620.872988470304,-4533.219464417176,.000000000000000,.000000000000000
380.0000000000,-6369.399675556679,-6029.830346302326,-7670.972336191271,-7759.959991907017,-7597.146381723303,-4508.447109188312,.000000000000000,.000000000000000
381.0000000000,-6356.833499725060,-6014.241839684468,-7635.611730640356,-7736.372669431905,-7574.561145240441,-4485.469374823761,.000000000000000,.000000000000000
382.0000000000,-6344.648492824108,-5999.657487788110,-7606.146493170236,-7713.765825515555,-7552.923542644532,-4463.862079225291,.000000000000000,.000000000000000
383.0000000000,-6332.780971280792,-5985.877560396597,-7580.759615833251,-7692.088023843167,-7532.107528399638,-4443.333956249453,.000000000000000,.000000000000000
384.0000000000,-6321.157848262284,-5972.725335008059,-7558.258904545910,-7671.282585590950,-7512.023811405670,-4423.678947968378,.000000000000000,.000000000000000
385.0000000000,-6384.695141203381,-6032.825497681562,-7559.545741128770,-7665.933054696810,-7506.607815807753,-4418.969030840221,.000000000000000,.000000000000000
386.0000000000,-6358.057645158711,-6004.016651167965,-7549.973487802266,-7654.128067012043,-7494.884985020739,-4407.441310000402,.000000000000000,.000000000000000
387.0000000000,-6363.030824423999,-6008.155352358006,-7543.014269498641,-7644.093189731404,-7484.646210915280,-4397.297815246609,.000000000000000,.000000000000000
388.0000000000,-7402.436710178225,-7098.122031833147,-7876.870703710212,-7878.590258759717,-7712.596528561795,-4626.497900659620,.000000000000000,.000000000000000
389.0000000000,-6443.927962801252,-6105.293041641908,-7805.295958683948,-7852.097847099805,-7686.220290173098,-4597.458745428570,.000000000000000,.000000000000000
390.0000000000,-6428.643695115892,-6085.985441771549,-7751.719381881072,-7826.823119188186,-7661.614639806163,-4571.454929478772,.000000000000000,.000000000000000
391.0000000000,-6414.704069748785,-6068.951966370583,-7710.021629945351,-7802.627545810443,-7638.352222852822,-4547.618092106040,.000000000000000,.000000000000000
392.0000000000,-6529.558474608239,-6178.888605352735,-7711.349119553854,-7802.491238871871,-7638.219492832655,-4547.354083979812,.000000000000000,.000000000000000
393.0000000000,-6712.524163124948,-6366.759298259673,-7769.237827042818,-7842.358760279974,-7676.842717160358,-4585.937081723116,.000000000000000,.000000000000000
394.0000000000,-7040.410535286355,-6705.833774491110,-7913.330991276272,-7947.602520992637,-7778.774244895514,-4687.508515539645,.000000000000000,.000000000000000
395.0000000000,-6503.230912176310,-6159.376839265022,-7852.210509562692,-7920.771782750178,-7752.805758594975,-4659.991378577541,.000000000000000,.000000000000000
396.0000000000,-6487.222582017861,-6139.967076704283,-7804.991678439636,-7895.055683299575,-7728.262264791070,-4634.913169786552,.000000000000000,.000000000000000
397.0000000000,-6728.925565621494,-6380.649176210576,-7844.048227180338,-7923.497499978575,-7756.243306844161,-4662.978632544306,.000000000000000,.000000000000000
398.0000000000,-6495.587285126076,-6145.576124204954,-7801.593368990134,-7898.462431660242,-7732.336151911981,-4638.869924527460,.000000000000000,.000000000000000
399.0000000000,-6481.016872907623,-6128.730290537353,-7766.955547837701,-7874.454877648073,-7709.483333525728,-4616.337647671800,.000000000000000,.000000000000000
400.0000000000,-7022.618757555145,-6680.781936151932,-7910.196047276402,-7972.279288534643,-7804.799604317066,-4712.522928998558,.000000000000000,.000000000000000
401.0000000000,-7059.120496338624,-6720.781235801582,-8022.335205531092,-8060.118609911739,-7889.963499608089,-4797.208428360655,.000000000000000,.000000000000000
402.0000000000,-6589.559730868159,-6243.011321063510,-7958.284046522269,-8031.841260370544,-7862.602542307301,-4768.535966140716,.000000000000000,.000000000000000
403.0000000000,-7114.543233961631,-6780.037701058933,-8141.851667370267,-8123.144253660153,-7950.919270062577,-4856.521777470245,.000000000000000,.000000000000000
404.0000000000,-6631.888392407818,-6283.339276100180,-7989.595355445503,-8093.249457416958,-7922.519039194935,-4827.115706759781,.000000000000000,.000000000000000
405.0000000000,-6615.293610605728,-6263.440741277989,-7947.777143552396,-8064.651912233028,-7895.682756245396,-4800.308687623716,.000000000000000,.000000000000000
406.0000000000,-7853.288932896208,-7578.063734996320,-8851.236988753697,-8347.773327790896,-8168.142562973731,-5073.769305978280,.000000000000000,.000000000000000
407.0000000000,-8265.695912812585,-8002.511682275865,-9387.180773005195,-8648.069032279220,-8450.902174131572,-5351.913946666520,.000000000000000,.000000000000000
408.0000000000,-6941.079133413421,-6600.526745646574,-8338.606593389768,-8600.276230482925,-8408.224943641530,-5305.152078288242,.000000000000000,.000000000000000
409.0000000000,-6920.244975510266,-6573.119382530707,-8293.913653713833,-8553.724980840667,-8368.422453683073,-5264.526523201208,.000000000000000,.000000000000000
410.0000000000,-7174.664730198347,-6825.453596118161,-8472.166173298790,-8563.351985807636,-8380.962504772648,-5277.511157805297,.000000000000000,.000000000000000
411.0000000000,-7100.672786339575,-6744.921471122419,-8412.381805422776,-8556.263478630075,-8377.373533960979,-5275.072128302381,.000000000000000,.000000000000000
412.0000000000,-7005.437135890797,-6642.633694383347,-8323.271353327045,-8528.308481277551,-8353.511287868630,-5253.040740170829,.000000000000000,.000000000000000
413.0000000000,-7342.942453817957,-6991.235584665572,-8595.018321634241,-8576.844769592957,-8400.760235928030,-5301.820418637126,.000000000000000,.000000000000000
414.0000000000,-7267.292368395598,-6911.191506781452,-8551.666735136272,-8603.103850764181,-8426.863291963347,-5329.002546981450,.000000000000000,.000000000000000
415.0000000000,-7115.848796101938,-6751.224000149148,-8424.465272880896,-8589.663442874344,-8415.319335908538,-5318.690298209192,.000000000000000,.000000000000000
416.0000000000,-6967.836371405407,-6603.269814999725,-8307.594936275249,-8551.870006019995,-8381.323284260110,-5286.741784340260,.000000000000000,.000000000000000
417.0000000000,-6947.973122961414,-6581.028085794225,-8275.843100145155,-8515.937493257545,-8348.851103485742,-5256.845810236182,.000000000000000,.000000000000000
418.0000000000,-6929.122018842987,-6560.243115362677,-8246.514699340443,-8481.918889722987,-8317.755821245224,-5228.535735852733,.000000000000000,.000000000000000
419.0000000000,-7062.629035964505,-6691.429824658897,-8352.423616746590,-8484.931707040698,-8321.571730584346,-5234.939199886867,.000000000000000,.000000000000000
420.0000000000,-7600.228591387593,-7249.904315968770,-8798.528769168062,-8599.901939029227,-8429.388240997234,-5343.526759107059,.000000000000000,.000000000000000
421.0000000000,-7943.206886378979,-7610.294665179665,-9121.330499181593,-8768.179484981889,-8586.490720349228,-5498.894228095036,.000000000000000,.000000000000000
422.0000000000,-7096.986854734741,-6732.537280643915,-8475.100797709994,-8728.976570152698,-8550.196002162480,-5461.253936839135,.000000000000000,.000000000000000
423.0000000000,-7074.739333787762,-6706.941374913986,-8437.619270455489,-8690.520909214358,-8515.712973940692,-5427.195930412439,.000000000000000,.000000000000000
424.0000000000,-7054.190131367861,-6683.694994275576,-8403.869368147380,-8653.582565003053,-8482.734464634270,-5395.704232789856,.000000000000000,.000000000000000
425.0000000000,-9330.760284116681,-9067.822337220588,-10481.21471839184,-9196.347773460904,-8994.789945645303,-5912.383062416435,.000000000000000,.000000000000000
426.0000000000,-9616.272469398036,-9356.972261200282,-10810.13864348834,-9675.670404734083,-9448.250096594849,-6357.837889854341,.000000000000000,.000000000000000
427.0000000000,-7658.285737581233,-7308.394086001510,-9251.726281732825,-9608.477876895997,-9389.746129586398,-6291.821772511446,.000000000000000,.000000000000000
428.0000000000,-7626.944783483017,-7268.137630946383,-9184.192734816388,-9542.092864543547,-9334.833296811232,-6234.707350599736,.000000000000000,.000000000000000
429.0000000000,-7598.467447306673,-7232.521687389661,-9125.781878833526,-9478.819592511260,-9282.808578463881,-6183.876048807164,.000000000000000,.000000000000000
430.0000000000,-7571.553572131823,-7199.917106956898,-9074.028519134383,-9419.528523634666,-9233.352984843861,-6137.651016337890,.000000000000000,.000000000000000
431.0000000000,-9443.742245250918,-9157.194652594595,-10657.92522957872,-9801.732968547096,-9598.212403034904,-6500.618168023570,.000000000000000,.000000000000000
432.0000000000,-7763.788358637139,-7401.266214918431,-9354.247009351247,-9734.457195826699,-9538.568301253610,-6442.047562366239,.000000000000000,.000000000000000
433.0000000000,-7735.787738853824,-7365.918148939143,-9295.454967214397,-9669.950720162304,-9482.717807201709,-6389.483719737849,.000000000000000,.000000000000000
434.0000000000,-7710.885028785104,-7334.951189090438,-9244.245166666071,-9609.485528790221,-9430.216040254369,-6341.448220993165,.000000000000000,.000000000000000
435.0000000000,-7689.602532635754,-7308.351931681063,-9199.744528492240,-9553.624232635882,-9380.984014132673,-6297.094841043243,.000000000000000,.000000000000000
436.0000000000,-7858.010598220355,-7472.363036553606,-9313.849437744044,-9542.256373478594,-9372.174079661607,-6293.123898986385,.000000000000000,.000000000000000
437.0000000000,-8234.828452268184,-7862.039949229169,-9614.869105037598,-9611.660346009394,-9437.627198736704,-6361.485557790835,.000000000000000,.000000000000000
438.0000000000,-7718.462288141776,-7332.095792185131,-9221.275125157485,-9561.660938694322,-9391.203638116132,-6317.565351916293,.000000000000000,.000000000000000
439.0000000000,-7692.717548039464,-7303.198179221123,-9179.298127845495,-9513.977398543124,-9347.148041324028,-6276.659573608700,.000000000000000,.000000000000000
440.0000000000,-7668.126585313101,-7276.054937660887,-9140.465535583679,-9468.767092787182,-9305.136445481961,-6238.046411854259,.000000000000000,.000000000000000
441.0000000000,-7644.443220915204,-7250.308850459302,-9104.191419840943,-9425.976944260350,-9264.968233135749,-6201.265434413803,.000000000000000,.000000000000000
442.0000000000,-7621.551304663146,-7225.749926948954,-9070.047614990344,-9385.447321754094,-9226.488367309486,-6166.003781491969,.000000000000000,.000000000000000
443.0000000000,-7599.357169605391,-7202.212007394477,-9037.703713739282,-9346.980089956120,-9189.565474681887,-6132.040922223669,.000000000000000,.000000000000000
444.0000000000,-7577.940567197362,-7179.769634166239,-9007.418770015984,-9310.623145846064,-9154.157721553958,-6099.239579038009,.000000000000000,.000000000000000
445.0000000000,-7557.078523782835,-7158.093851419475,-8978.407787293641,-9276.076869160117,-9120.143178201577,-6067.478773225581,.000000000000000,.000000000000000
446.0000000000,-8616.651272822059,-8258.367275472268,-9868.970715297695,-9484.465362571180,-9313.512096916411,-6262.465735738473,.000000000000000,.000000000000000
447.0000000000,-8401.552738764987,-8030.246637111959,-9733.416143934801,-9599.768822949232,-9419.727532052179,-6364.849245425021,.000000000000000,.000000000000000
448.0000000000,-7848.330743991048,-7456.990306169271,-9354.827862783373,-9592.499592292044,-9414.614876443298,-6357.504668149993,.000000000000000,.000000000000000
449.0000000000,-7730.944887766460,-7338.171653140087,-9221.928454255085,-9548.377339243440,-9374.117854456146,-6316.339057858739,.000000000000000,.000000000000000
450.0000000000,-7706.322457844943,-7310.956101944870,-9182.553788785979,-9505.641982557192,-9335.268681780099,-6278.206185781755,.000000000000000,.000000000000000
451.0000000000,-7682.770877787514,-7285.341776331246,-9146.205020618976,-9464.728993796827,-9297.862518389658,-6242.300669738786,.000000000000000,.000000000000000
452.0000000000,-7660.090569528616,-7261.030261250547,-9112.277512847069,-9425.742758325523,-9261.791109427881,-6208.121735033397,.000000000000000,.000000000000000
453.0000000000,-7638.156988084791,-7237.811892683843,-9080.328195418453,-9388.621603512849,-9226.975746711625,-6175.334763339240,.000000000000000,.000000000000000
454.0000000000,-7616.878032963146,-7215.528256547794,-9050.026619405766,-9353.232734872958,-9193.347797793274,-6143.709454879479,.000000000000000,.000000000000000
455.0000000000,-7596.205815225811,-7194.088501975879,-9021.215630705212,-9319.467741502091,-9160.854180007398,-6113.085843389037,.000000000000000,.000000000000000
456.0000000000,-7576.955920499131,-7174.152648013040,-8994.473906717267,-9287.456442761631,-9129.549461646378,-6083.394071544024,.000000000000000,.000000000000000
457.0000000000,-7873.127873769299,-7475.461340053806,-9247.532476880227,-9330.984853404401,-9168.302408893569,-6125.342967972918,.000000000000000,.000000000000000
458.0000000000,-7998.984194288196,-7605.544001278284,-9338.743061790072,-9383.241734166255,-9215.709202481437,-6171.303350849905,.000000000000000,.000000000000000
459.0000000000,-7855.430872955287,-7456.509031598589,-9236.630174877408,-9394.926833333462,-9225.221294555415,-6179.078153689550,.000000000000000,.000000000000000
460.0000000000,-7624.587023253092,-7224.481453948232,-9063.606729786721,-9360.337433402266,-9192.372750406847,-6145.394180394302,.000000000000000,.000000000000000
461.0000000000,-7602.766440536698,-7201.395145372078,-9032.084114872992,-9326.514944823670,-9160.554082419285,-6113.573502975034,.000000000000000,.000000000000000
462.0000000000,-7582.069766415891,-7179.780760464249,-9003.068921598617,-9294.026364837418,-9129.743515645467,-6083.199764096957,.000000000000000,.000000000000000
463.0000000000,-7561.943180331175,-7158.960288150674,-8975.306385467273,-9262.747355237119,-9099.833160305832,-6053.973455864427,.000000000000000,.000000000000000
464.0000000000,-7542.272898272957,-7138.760870334601,-8948.450463209498,-9232.467495061852,-9070.719497218044,-6025.680849628719,.000000000000000,.000000000000000
465.0000000000,-7523.094553842488,-7119.211001242162,-8922.640654246370,-9203.152229301890,-9042.358945173039,-5998.181983372860,.000000000000000,.000000000000000
466.0000000000,-7504.355949580269,-7100.232637735329,-8897.749818547565,-9174.759218665715,-9014.718469474201,-5971.380709360506,.000000000000000,.000000000000000
467.0000000000,-7486.034222214945,-7081.768221242957,-8873.667858482906,-9147.235016190307,-8987.764658598000,-5945.202763519645,.000000000000000,.000000000000000
468.0000000000,-7468.071264352768,-7063.754040906624,-8850.300906444798,-9120.522047285323,-8961.465646641018,-5919.592051388505,.000000000000000,.000000000000000
469.0000000000,-7450.429214648473,-7046.136322360551,-8827.562416267730,-9094.557881642266,-8935.784751706786,-5894.497982492454,.000000000000000,.000000000000000
470.0000000000,-8707.594412047207,-8356.722538071372,-9955.938578006173,-9378.976227412088,-9200.840492897221,-6164.575833655852,.000000000000000,.000000000000000
471.0000000000,-9691.740134102136,-9384.710073566863,-10770.42843474421,-9795.784046951088,-9589.221928826410,-6540.417340460563,.000000000000000,.000000000000000
472.0000000000,-7857.706411407960,-7474.519648063817,-9414.847491549599,-9747.787283692764,-9545.166402506140,-6488.194853553126,.000000000000000,.000000000000000
473.0000000000,-7829.427266859399,-7440.523146641985,-9362.253172066177,-9698.985936004590,-9503.207996081683,-6442.335543065692,.000000000000000,.000000000000000
474.0000000000,-7894.898077331871,-7496.519538076411,-9373.492465723457,-9664.178004096528,-9474.190594180802,-6411.856778982641,.000000000000000,.000000000000000
475.0000000000,-7789.077560609810,-7392.120472697328,-9287.047240866732,-9618.466219972932,-9435.014045868980,-6373.122293642846,.000000000000000,.000000000000000
476.0000000000,-7765.113157420328,-7365.324328744655,-9248.177062760693,-9575.050402224970,-9397.191015179687,-6336.902461203590,.000000000000000,.000000000000000
477.0000000000,-7742.182773746874,-7340.162240116004,-9212.304757347198,-9533.973276165170,-9360.667274844949,-6302.615733458972,.000000000000000,.000000000000000
478.0000000000,-7720.082875439683,-7316.318231074631,-9178.858746468566,-9495.126041094572,-9325.417596337125,-6269.891181560708,.000000000000000,.000000000000000
479.0000000000,-7698.654191640877,-7293.540919434598,-9147.381507602158,-9458.321940200496,-9291.398013116521,-6238.452740717488,.000000000000000,.000000000000000
480.0000000000,-7677.810900943497,-7271.660194096681,-9117.530964060810,-9423.346608102951,-9258.541411503098,-6208.072803236664,.000000000000000,.000000000000000
481.0000000000,-7657.495522990819,-7250.559225868332,-9089.062918891193,-9390.000395800473,-9226.784092488599,-6178.599513934909,.000000000000000,.000000000000000
482.0000000000,-7907.991395733614,-7505.826045862390,-9333.409245110592,-9434.968194018820,-9267.919078193110,-6224.908023381189,.000000000000000,.000000000000000
483.0000000000,-7660.571995377442,-7254.376673374625,-9098.106907151338,-9401.253092445610,-9235.420547435715,-6192.450506007373,.000000000000000,.000000000000000
484.0000000000,-7640.303948770090,-7233.383248116534,-9069.297783863847,-9368.555298924490,-9204.001882723003,-6161.525993647932,.000000000000000,.000000000000000
485.0000000000,-7620.714210530778,-7213.245867531388,-9041.972035692410,-9337.015099623377,-9173.591778116646,-6131.829205162489,.000000000000000,.000000000000000
486.0000000000,-7589.719404870961,-7183.748176068779,-9008.782078044718,-9305.188505145523,-9142.936571350219,-6102.387819853862,.000000000000000,.000000000000000
487.0000000000,-7568.352715163215,-7162.485177793282,-8981.683359089209,-9274.513811268011,-9113.026309081855,-6073.599623562981,.000000000000000,.000000000000000
488.0000000000,-7548.177329288532,-7142.365014398911,-8955.657817832036,-9244.852181708246,-9083.895092677682,-6045.452704718435,.000000000000000,.000000000000000
489.0000000000,-7528.360711950254,-7122.646171162101,-8930.097667918732,-9215.951885798115,-9055.462718590310,-6017.889169163511,.000000000000000,.000000000000000
490.0000000000,-7508.886051056008,-7103.341844125247,-8905.196943230460,-9187.766854151987,-9027.685291703670,-5990.863885850844,.000000000000000,.000000000000000
491.0000000000,-7489.771263921135,-7084.446520207917,-8880.919453831746,-9160.266169675167,-9000.528796472438,-5964.345910271109,.000000000000000,.000000000000000
492.0000000000,-7470.954386121144,-7065.902086916289,-8857.196425228743,-9133.414206353687,-8973.957278991997,-5938.303409433167,.000000000000000,.000000000000000
493.0000000000,-7452.403349711443,-7047.671663680881,-8833.973094539315,-9107.171955982039,-8947.935901321300,-5912.707755002837,.000000000000000,.000000000000000
494.0000000000,-7434.105667884487,-7029.734737866936,-8811.206563488073,-9081.498627186937,-8922.429783749223,-5887.529163838764,.000000000000000,.000000000000000
495.0000000000,-7416.016202443676,-7012.052139259958,-8788.849972144306,-9056.353486659145,-8897.406322154329,-5862.742308037390,.000000000000000,.000000000000000
496.0000000000,-7398.136879244477,-6994.614900370645,-8766.873433472927,-9031.698420917992,-8872.835918364484,-5838.325814240161,.000000000000000,.000000000000000
497.0000000000,-7380.484966133459,-6977.429413953147,-8745.262775077299,-9007.500733098823,-8848.693087222393,-5814.261679312820,.000000000000000,.000000000000000
498.0000000000,-7363.040678510795,-6960.473306549997,-8723.987610578699,-8983.728846124957,-8824.952769752324,-5790.532799609346,.000000000000000,.000000000000000
499.0000000000,-7345.790428218541,-6943.731169148710,-8703.024662018033,-8960.353981031631,-8801.591788010955,-5767.123658295923,.000000000000000,.000000000000000
500.0000000000,-7328.719754177750,-6927.187380616559,-8682.352450008520,-8937.350081657285,-8778.589052182160,-5744.020981153772,.000000000000000,.000000000000000
501.0000000000,-7333.343434789793,-6935.613034553156,-8733.358242499504,-8940.081983829588,-8780.034379646757,-5748.821017229515,.000000000000000,.000000000000000
502.0000000000,-7345.054426183407,-6941.463986257357,-8732.513230858363,-8940.371869562199,-8778.690110045884,-5749.287118800750,.000000000000000,.000000000000000
503.0000000000,-7321.457006332568,-6916.690020820179,-8675.904319942030,-8921.164092169272,-8759.252193096794,-5728.466175782625,.000000000000000,.000000000000000
504.0000000000,-7754.144451176373,-7377.976719175265,-9247.297508397258,-9082.123370142828,-8909.839486173059,-5891.071640280150,.000000000000000,.000000000000000
505.0000000000,-7366.290820055601,-6971.309452697178,-8761.844534769165,-9050.019658940229,-8879.668222034865,-5854.802742268093,.000000000000000,.000000000000000
506.0000000000,-7348.354700196751,-6953.027125590988,-8734.542489944586,-9018.521572937503,-8850.401980813886,-5821.578722174709,.000000000000000,.000000000000000
507.0000000000,-7330.917645428357,-6935.350683654615,-8709.018102593260,-8988.101621523096,-8822.024256203998,-5790.613721308984,.000000000000000,.000000000000000
508.0000000000,-7313.727878143900,-6918.029281195697,-8684.750651231938,-8958.892216665852,-8794.509415611969,-5761.386377360612,.000000000000000,.000000000000000
509.0000000000,-7296.750073969979,-6901.015881545030,-8661.464092212662,-8930.866692265461,-8767.817992547803,-5733.536667579814,.000000000000000,.000000000000000
510.0000000000,-7279.985578246420,-6884.297432185664,-8638.980777429020,-8903.934623030547,-8741.902994424245,-5706.809411153019,.000000000000000,.000000000000000
511.0000000000,-7263.418687812589,-6867.847566655917,-8617.163520226575,-8877.984054026712,-8716.711474823604,-5681.017512735165,.000000000000000,.000000000000000
512.0000000000,-7247.124603252292,-6851.709881331080,-8595.966013910331,-8852.913233088937,-8692.193204789339,-5656.022101029461,.000000000000000,.000000000000000
513.0000000000,-7231.067954588827,-6835.849273767104,-8575.302872695878,-8828.626667142815,-8668.297555903473,-5631.716228084213,.000000000000000,.000000000000000
514.0000000000,-7215.135997800326,-6820.176206250240,-8555.056484357819,-8805.030884799820,-8644.974327212660,-5608.017750594769,.000000000000000,.000000000000000
515.0000000000,-7199.249328605280,-6804.621057992021,-8535.131745683935,-8782.038314466172,-8622.177269018561,-5584.867006254202,.000000000000000,.000000000000000
516.0000000000,-7183.510363819423,-6789.246004998791,-8515.540022586796,-8759.580064887403,-8599.860563508288,-5562.207062215322,.000000000000000,.000000000000000
517.0000000000,-7157.339103712475,-6765.144363872403,-8489.942817312574,-8736.322100593414,-8576.926479857801,-5539.307829328809,.000000000000000,.000000000000000
518.0000000000,-7139.331388246352,-6747.826081787231,-8468.688356771558,-8713.283573606066,-8554.182447924757,-5516.575297574194,.000000000000000,.000000000000000
519.0000000000,-7122.966283403015,-6732.166087038393,-8450.489828998447,-8691.448643167836,-8532.618066347131,-5495.088888272465,.000000000000000,.000000000000000
520.0000000000,-7188.151586446465,-6799.844403905237,-8640.391221351694,-8742.199572125783,-8579.460481038883,-5551.719539452206,.000000000000000,.000000000000000
521.0000000000,-7115.089580643054,-6727.949871942026,-8456.384221458226,-8715.345835419081,-8553.454256379124,-5522.467804155567,.000000000000000,.000000000000000
522.0000000000,-7098.122391079678,-6711.374075238629,-8433.698343956816,-8688.975071344448,-8527.929520467911,-5494.678372806249,.000000000000000,.000000000000000
523.0000000000,-7081.381307874235,-6695.006753867541,-8411.762065787731,-8663.253772888920,-8502.938119026814,-5468.064251897546,.000000000000000,.000000000000000
524.0000000000,-7064.812128665961,-6678.813666589482,-8390.402049869921,-8638.218673159563,-8478.493636944468,-5442.417262041246,.000000000000000,.000000000000000
525.0000000000,-7048.397869480166,-6662.787308699808,-8369.515836963043,-8613.845124054884,-8454.584363094827,-5417.580746230971,.000000000000000,.000000000000000
526.0000000000,-7032.110270147288,-6646.908707084443,-8349.023662338712,-8590.082227238356,-8431.183656114821,-5393.433642427235,.000000000000000,.000000000000000
527.0000000000,-7015.969607690458,-6631.194073954352,-8328.887066599145,-8566.874759772445,-8408.260135786137,-5369.881848671321,.000000000000000,.000000000000000
528.0000000000,-6999.954716246626,-6615.624702064359,-8309.057970159593,-8544.166609089651,-8385.778184463679,-5346.849130425815,.000000000000000,.000000000000000
529.0000000000,-6984.067273538532,-6600.201224601893,-8289.509592089753,-8521.907463749334,-8363.703317534548,-5324.273836502209,.000000000000000,.000000000000000
530.0000000000,-6968.291248520494,-6584.906719100683,-8270.208080295180,-8500.050629721945,-8342.000871510641,-5302.103985373609,.000000000000000,.000000000000000
531.0000000000,-6952.646726774896,-6569.756345160940,-8251.146912821781,-8478.558607024890,-8320.641631727638,-5280.297914224133,.000000000000000,.000000000000000
532.0000000000,-6937.143466153164,-6554.774245086523,-8232.340666018610,-8457.406880230694,-8299.610461203485,-5258.825458145944,.000000000000000,.000000000000000
533.0000000000,-6921.768588415025,-6539.936674060102,-8213.758859159789,-8436.570111331435,-8278.887237916510,-5237.659990583292,.000000000000000,.000000000000000
534.0000000000,-6906.522599726568,-6525.232584974226,-8195.379789868843,-8416.023165883165,-8258.449267779599,-5216.776802248536,.000000000000000,.000000000000000
535.0000000000,-6891.388562966888,-6510.647580596436,-8177.186052000941,-8395.743431053505,-8238.275070210706,-5196.154160573595,.000000000000000,.000000000000000
536.0000000000,-6894.996701624626,-6517.625391104755,-8220.961058401530,-8397.452368566710,-8238.974612397362,-5199.417773825959,.000000000000000,.000000000000000
537.0000000000,-6929.239348831681,-6548.475644082442,-8286.756598986758,-8419.800763050425,-8258.299831739712,-5223.024823207754,.000000000000000,.000000000000000
538.0000000000,-6869.702869622894,-6492.758834618051,-8165.292982684719,-8395.898268415302,-8235.216793437867,-5197.030127759734,.000000000000000,.000000000000000
539.0000000000,-6854.368939602624,-6477.772371933330,-8145.067977805051,-8372.438655289721,-8212.507791427055,-5172.217516862820,.000000000000000,.000000000000000
540.0000000000,-6839.216777891708,-6462.960833174780,-8125.423868629023,-8349.520541305264,-8190.215801210195,-5148.360006599532,.000000000000000,.000000000000000
541.0000000000,-6825.081797963016,-6448.743037548744,-8106.471091398358,-8327.180950125135,-8168.365858205132,-5125.298494778717,.000000000000000,.000000000000000
542.0000000000,-6811.328047442021,-6434.829924250731,-8088.023346252592,-8305.407173715694,-8146.957056196676,-5102.910297474622,.000000000000000,.000000000000000
543.0000000000,-6797.410496272918,-6420.925656128267,-8069.863578387556,-8284.151712711713,-8125.967905637372,-5081.097160835219,.000000000000000,.000000000000000
544.0000000000,-6783.450472506789,-6407.103935666346,-8052.011222322604,-8263.413997722588,-8105.461063310784,-5059.885707835916,.000000000000000,.000000000000000
545.0000000000,-6769.670767731639,-6393.813047401425,-8038.637646196074,-8243.175732522490,-8085.351179283422,-5039.132826633908,.000000000000000,.000000000000000
546.0000000000,-6757.229483469941,-6381.880189257610,-8031.251133021129,-8223.496145803560,-8065.604730808807,-5018.733729511356,.000000000000000,.000000000000000
547.0000000000,-6733.380731742802,-6360.301311758720,-8018.239764874570,-8202.928564284895,-8045.039295812458,-4997.905875858174,.000000000000000,.000000000000000
548.0000000000,-6717.565182220073,-6345.294331208024,-8003.297083421843,-8182.538496242370,-8024.580540110599,-4977.136099941612,.000000000000000,.000000000000000
549.0000000000,-6702.343837212340,-6330.775306245207,-7987.295374901852,-8162.382759334832,-8004.321747925223,-4956.499423391595,.000000000000000,.000000000000000
550.0000000000,-6687.119740083492,-6316.246810073742,-7970.651432299390,-8142.431218028270,-7984.264370034100,-4936.014644090485,.000000000000000,.000000000000000
551.0000000000,-6671.888069295079,-6301.710868183949,-7953.621680747625,-8122.656747026589,-7964.399553577725,-4915.688530959858,.000000000000000,.000000000000000
552.0000000000,-6656.672312279861,-6287.189082603636,-7936.368776160411,-8103.038355243818,-7944.715112934387,-4895.521168212561,.000000000000000,.000000000000000
553.0000000000,-6641.537888654546,-6272.725114143146,-7919.002050805182,-8083.562527305920,-7925.200716445761,-4875.510530395635,.000000000000000,.000000000000000
554.0000000000,-6626.478772759725,-6258.327933846473,-7901.595540329890,-8064.224308292511,-7905.854601824305,-4855.659532978061,.000000000000000,.000000000000000
555.0000000000,-6611.463151038630,-6243.977257704337,-7884.190362809826,-8045.014515062507,-7886.664927674339,-4835.962581101141,.000000000000000,.000000000000000
556.0000000000,-6596.497593289972,-6229.681017802637,-7866.814820040170,-8025.927147561230,-7867.622324601063,-4816.413834271543,.000000000000000,.000000000000000
557.0000000000,-6581.507576476411,-6215.393231930866,-7849.476694857620,-8006.951080286404,-7848.710227726371,-4797.000851869854,.000000000000000,.000000000000000
558.0000000000,-6566.533330881874,-6201.132312835054,-7832.181323449009,-7988.075394664766,-7829.912331312280,-4777.709070359198,.000000000000000,.000000000000000
559.0000000000,-6551.620177277822,-6186.931980866217,-7814.940360010227,-7969.296933434165,-7811.222431221679,-4758.530707531714,.000000000000000,.000000000000000
560.0000000000,-6536.766218559771,-6172.792633118152,-7797.762656098424,-7950.616635752582,-7792.642445840040,-4739.474019882720,.000000000000000,.000000000000000
561.0000000000,-6521.983386277021,-6158.720777700111,-7780.654257173870,-7932.032788420796,-7774.168608561862,-4720.534982103265,.000000000000000,.000000000000000
562.0000000000,-6507.278726078084,-6144.721996738577,-7763.620441397377,-7913.544188984937,-7755.797382382067,-4701.707746931812,.000000000000000,.000000000000000
563.0000000000,-6725.789809138099,-6369.373455772928,-7995.508959567320,-8131.979386924982,-7965.471642661842,-4946.369683264775,.000000000000000,.000000000000000
564.0000000000,-6585.018813172033,-6231.190947666120,-7946.553202755858,-8100.596691668217,-7936.812056601959,-4908.317989489409,.000000000000000,.000000000000000
565.0000000000,-6570.819938579194,-6216.018804481728,-7907.780825747770,-8070.876248126353,-7909.115980249744,-4874.061860460806,.000000000000000,.000000000000000
566.0000000000,-6556.537864347230,-6201.073921222222,-7875.657004254828,-8042.679398944088,-7882.414257289272,-4842.641101967511,.000000000000000,.000000000000000
567.0000000000,-6731.651202551699,-6378.827297487063,-7929.023901940071,-8080.650207239578,-7918.978155392801,-4880.628035712938,.000000000000000,.000000000000000
568.0000000000,-6995.894389722887,-6657.438322568383,-8026.567470858170,-8145.769912072961,-7982.047314216887,-4939.473269505415,.000000000000000,.000000000000000
569.0000000000,-6664.193279963984,-6309.485097225195,-7987.851432309042,-8121.869347515707,-7958.470482492869,-4911.339846735926,.000000000000000,.000000000000000
570.0000000000,-6597.222996483357,-6244.862995201924,-7945.344439636165,-8092.788838678700,-7930.380131882750,-4879.994673003734,.000000000000000,.000000000000000
571.0000000000,-6613.860953386586,-6255.605474513450,-7922.078653241224,-8074.488968069174,-7913.262115676042,-4860.775024438006,.000000000000000,.000000000000000
572.0000000000,-6570.765459558250,-6216.406718597505,-7890.202823358579,-8047.505225410727,-7887.157707778853,-4832.912108035482,.000000000000000,.000000000000000
573.0000000000,-6554.331460127618,-6199.446119244301,-7862.039011765401,-8021.458386374603,-7861.937710798322,-4806.433859108194,.000000000000000,.000000000000000
574.0000000000,-6538.178267221017,-6182.957039983121,-7836.439353217038,-7996.256839698830,-7837.476946816576,-4781.064051532812,.000000000000000,.000000000000000
575.0000000000,-6522.218672153693,-6166.820226812633,-7812.650290398335,-7971.816118736371,-7813.679514875454,-4756.594091294270,.000000000000000,.000000000000000
576.0000000000,-6506.424792713680,-6150.975426419685,-7790.174837903503,-7948.059971598346,-7790.470600119808,-4732.869908540673,.000000000000000,.000000000000000
577.0000000000,-6490.767795959855,-6135.368865516873,-7768.676486216898,-7924.915617294007,-7767.784066107179,-4709.765819951972,.000000000000000,.000000000000000
578.0000000000,-6481.898125528312,-6125.508549272830,-7749.376071935538,-7903.102648299631,-7746.225175242682,-4687.599394836447,.000000000000000,.000000000000000
579.0000000000,-6468.067153801278,-6111.680479743953,-7730.614568244884,-7881.885672503020,-7725.196865653223,-4666.006542983250,.000000000000000,.000000000000000
580.0000000000,-6453.882482588733,-6097.628363153730,-7712.208469713894,-7861.141606633446,-7704.593683934190,-4644.878416671885,.000000000000000,.000000000000000
581.0000000000,-6439.911559567579,-6083.837871013238,-7694.158188249057,-7840.844129599804,-7684.398781385013,-4624.173722116337,.000000000000000,.000000000000000
582.0000000000,-6425.850803624233,-6070.014173441901,-7676.375225014193,-7820.916830472677,-7664.545165552847,-4603.824977421151,.000000000000000,.000000000000000
583.0000000000,-6411.863041852501,-6056.299062550152,-7658.834299963399,-7801.320350241704,-7645.000338535952,-4583.791830100554,.000000000000000,.000000000000000
584.0000000000,-6397.956550300341,-6042.695311106523,-7641.516077694489,-7782.023126677683,-7625.738405654796,-4564.043087239839,.000000000000000,.000000000000000
585.0000000000,-6384.239076298934,-6029.240767957846,-7624.408469770575,-7762.998919762438,-7606.737228006066,-4544.553233570699,.000000000000000,.000000000000000
586.0000000000,-6371.449213946906,-6016.229262261921,-7607.538995838489,-7744.233788277308,-7587.983241315307,-4525.304505194850,.000000000000000,.000000000000000
587.0000000000,-6358.591195513805,-6003.366562835687,-7590.936914966425,-7725.747493014249,-7569.475231500779,-4506.286298566920,.000000000000000,.000000000000000
588.0000000000,-6345.975828254032,-5990.846843164398,-7574.653395366649,-7707.573282921854,-7551.238454882641,-4487.509451436168,.000000000000000,.000000000000000
589.0000000000,-6333.450180563945,-5978.488911908305,-7558.647956831519,-7689.698822860655,-7533.287798039451,-4468.990966089910,.000000000000000,.000000000000000
590.0000000000,-6356.952117508834,-6000.275991786342,-7583.476658385993,-7712.423577814141,-7555.978798230464,-4497.524161822957,.000000000000000,.000000000000000
591.0000000000,-6323.367308095942,-5970.748464826085,-7562.402493895481,-7692.675674882770,-7536.139299851066,-4475.397045043046,.000000000000000,.000000000000000
592.0000000000,-6310.461237800011,-5957.976098162386,-7543.073831111786,-7673.286362481007,-7516.694864785888,-4454.185738561515,.000000000000000,.000000000000000
593.0000000000,-6297.595745951450,-5945.291117490822,-7524.920048169155,-7654.257273750996,-7497.628505164890,-4433.704507309163,.000000000000000,.000000000000000
594.0000000000,-6329.069541497280,-5974.662347472982,-7550.821092610424,-7676.440163003697,-7518.386611376829,-4459.358533617762,.000000000000000,.000000000000000
595.0000000000,-7000.900544957318,-6691.762470343854,-7807.030739171056,-7870.472046512796,-7707.082119972700,-4652.738519990198,.000000000000000,.000000000000000
596.0000000000,-6748.022838809451,-6418.588272672732,-7850.442044964631,-7912.245554640665,-7746.922217421916,-4687.526761555964,.000000000000000,.000000000000000
597.0000000000,-6432.401713633408,-6092.925914096641,-7789.684321597195,-7883.192007189013,-7719.021054572711,-4655.377128474349,.000000000000000,.000000000000000
598.0000000000,-6416.875809669806,-6074.670479358438,-7742.831293578056,-7855.509029250697,-7692.611389043021,-4626.197632082867,.000000000000000,.000000000000000
599.0000000000,-6401.963906740353,-6057.721827645259,-7705.135820191708,-7829.035006083504,-7667.391805539824,-4599.181424305776,.000000000000000,.000000000000000
600.0000000000,-6388.184050756190,-6041.940347110030,-7673.589596439990,-7803.657103110918,-7643.160266384399,-4573.793680260453,.000000000000000,.000000000000000
601.0000000000,-6374.459815196162,-6026.741023282815,-7646.218625714750,-7779.276990789702,-7619.775273234918,-4549.669911002718,.000000000000000,.000000000000000
602.0000000000,-6360.854007556729,-6012.060881121024,-7621.774563307476,-7755.823971756754,-7597.138089016231,-4526.554116703866,.000000000000000,.000000000000000
603.0000000000,-6347.390754557613,-5997.834288573888,-7599.452849613737,-7733.239048212170,-7575.176136934620,-4504.262518258598,.000000000000000,.000000000000000
604.0000000000,-6333.922793067801,-5983.817602226240,-7578.633080838745,-7711.412929541249,-7553.815184005252,-4482.655857669095,.000000000000000,.000000000000000
605.0000000000,-6320.387495032093,-5969.888380238279,-7558.856029247274,-7690.219464161044,-7532.982531007710,-4461.625321573350,.000000000000000,.000000000000000
606.0000000000,-6306.910621520827,-5956.159637588680,-7539.873410193919,-7669.585346054624,-7512.626941418579,-4441.089814341396,.000000000000000,.000000000000000
607.0000000000,-6293.498579602428,-5942.610603348561,-7521.514978404888,-7649.449829762520,-7492.704569551859,-4420.986248005918,.000000000000000,.000000000000000
608.0000000000,-6280.159349219013,-5929.227268145964,-7503.661877070401,-7629.761795832343,-7473.177255654060,-4401.264245680106,.000000000000000,.000000000000000
609.0000000000,-6277.501334614813,-5925.146372152649,-7488.672160574337,-7611.835709351131,-7455.181804966873,-4382.643046445100,.000000000000000,.000000000000000
610.0000000000,-6267.023739557100,-5914.453611461913,-7473.978486600201,-7594.467372934212,-7437.716185737343,-4364.558941295452,.000000000000000,.000000000000000
611.0000000000,-6255.878030564352,-5903.240706648974,-7459.402638000825,-7577.494932196576,-7420.632397406473,-4346.885872578290,.000000000000000,.000000000000000
612.0000000000,-6244.685837317958,-5892.044499527847,-7444.954987907457,-7560.862707436283,-7403.877783122349,-4329.561582001164,.000000000000000,.000000000000000
613.0000000000,-6233.522397361110,-5880.923908100507,-7430.650744548066,-7544.533087111597,-7387.417788685068,-4312.543122228923,.000000000000000,.000000000000000
614.0000000000,-6252.950230075969,-5901.089303380661,-7453.033425396350,-7563.266768754762,-7404.406258137231,-4334.086980535503,.000000000000000,.000000000000000
615.0000000000,-6271.639198041510,-5919.024111810753,-7481.636178411864,-7589.933956039658,-7429.131496376287,-4363.274182582518,.000000000000000,.000000000000000
616.0000000000,-6230.095623438085,-5881.358838115735,-7457.101597400979,-7569.243399632567,-7409.069081320913,-4339.697862824456,.000000000000000,.000000000000000
617.0000000000,-6268.798930549001,-5916.795078237563,-7484.335041598075,-7595.266216269441,-7434.029804923770,-4369.031969287873,.000000000000000,.000000000000000
618.0000000000,-6816.137822078563,-6501.159524886079,-7682.484626618145,-7744.290210094492,-7578.819001945994,-4518.187853948826,.000000000000000,.000000000000000
619.0000000000,-6673.659432762523,-6349.508105964771,-7737.636621091709,-7791.818315369890,-7624.688902871228,-4558.369691195545,.000000000000000,.000000000000000
620.0000000000,-8278.471639514877,-8049.249575595317,-8745.480349705267,-8203.249543969690,-8019.244462190978,-4946.386205676556,.000000000000000,.000000000000000
621.0000000000,-6710.982967471675,-6378.027900527515,-8027.457031211461,-8179.407822877940,-7997.781112614184,-4917.322220582240,.000000000000000,.000000000000000
622.0000000000,-6599.455350505334,-6265.078194263206,-7983.812005242753,-8138.660257010872,-7961.056504073893,-4876.020000179264,.000000000000000,.000000000000000
623.0000000000,-6582.600122775850,-6243.774535775954,-7944.627875725491,-8100.400352934752,-7926.760862975578,-4839.377682505772,.000000000000000,.000000000000000
624.0000000000,-6566.293815395222,-6223.776600786872,-7909.163723289550,-8064.549185216718,-7894.422262196742,-4806.152361379278,.000000000000000,.000000000000000
625.0000000000,-6550.332401946234,-6204.789555469210,-7876.776118890719,-8030.918590026678,-7863.731324635048,-4775.503827070070,.000000000000000,.000000000000000
626.0000000000,-7729.574200338722,-7444.891412580500,-8560.568775465837,-8271.178192899521,-8093.529636570451,-5007.135718831942,.000000000000000,.000000000000000
627.0000000000,-6684.624050842320,-6340.763015751241,-8025.447429618027,-8231.513449392638,-8057.464540555287,-4968.411876774824,.000000000000000,.000000000000000
628.0000000000,-6666.913450211905,-6320.180246795686,-8004.010123197510,-8193.959011967980,-8023.522523512278,-4933.607690855311,.000000000000000,.000000000000000
629.0000000000,-6649.986905516025,-6300.671991085268,-7979.801577477710,-8158.611963687463,-7991.322681916601,-4901.637001906434,.000000000000000,.000000000000000
630.0000000000,-6633.345701084510,-6281.785986937317,-7954.542113230655,-8125.342518469646,-7960.609802065470,-4871.785307738677,.000000000000000,.000000000000000
631.0000000000,-6616.977896819479,-6263.503316053537,-7929.182819691623,-8093.947164296729,-7931.204280542795,-4843.570888747918,.000000000000000,.000000000000000
632.0000000000,-6600.921637749865,-6245.817232623604,-7904.233768178257,-8064.215612347713,-7902.977467984207,-4816.669083506298,.000000000000000,.000000000000000
633.0000000000,-8925.300962593965,-8717.370383796413,-10105.19342253764,-8756.584403599876,-8557.730042196774,-5496.488567480186,.000000000000000,.000000000000000
634.0000000000,-8856.350530490823,-8603.300960387029,-9954.999357959556,-9101.986377475612,-8882.976119345914,-5806.980570880958,.000000000000000,.000000000000000
635.0000000000,-8767.632976813389,-8500.559164960277,-10012.29101718144,-9377.437654681629,-9146.818252906756,-6057.599104857691,.000000000000000,.000000000000000
636.0000000000,-8326.128270686402,-8022.841705473766,-9692.830937576924,-9493.694765609056,-9262.117739764051,-6161.548604934253,.000000000000000,.000000000000000
637.0000000000,-7472.927886615711,-7135.790847901666,-9046.792098852367,-9417.190463428631,-9199.323767466907,-6092.937138602229,.000000000000000,.000000000000000
638.0000000000,-7440.286915509510,-7093.954380731069,-8978.416875552228,-9344.271433144813,-9140.059457874548,-6032.788754547206,.000000000000000,.000000000000000
639.0000000000,-7417.079831262519,-7062.288454056335,-8922.347613202342,-9276.752478659157,-9084.533442362264,-5979.191607797617,.000000000000000,.000000000000000
640.0000000000,-8878.267416236538,-8580.790460798926,-10128.03267831627,-9544.482435939297,-9342.136814249336,-6238.098550830186,.000000000000000,.000000000000000
641.0000000000,-7567.916931309308,-7211.969554264722,-9113.218471732502,-9476.455238756487,-9283.041901743001,-6179.374363596615,.000000000000000,.000000000000000
642.0000000000,-7536.830399907451,-7174.213980259216,-9054.723856955390,-9411.902359613616,-9227.281573092112,-6126.417895552431,.000000000000000,.000000000000000
643.0000000000,-7508.332486882948,-7140.375529131839,-9003.237797436539,-9351.718385877235,-9174.528621811834,-6077.737317338606,.000000000000000,.000000000000000
644.0000000000,-7480.918058296720,-7108.572433001324,-8955.648684174481,-9295.408739110211,-9124.381345226420,-6032.300812528882,.000000000000000,.000000000000000
645.0000000000,-7454.569772085082,-7078.627662260738,-8911.624851966371,-9242.646380024687,-9076.594406807026,-5989.415195438620,.000000000000000,.000000000000000
646.0000000000,-7429.197660865579,-7050.310781033224,-8870.699151880719,-9193.144844677498,-9030.993302456731,-5948.605686229490,.000000000000000,.000000000000000
647.0000000000,-7404.723594742114,-7023.402550419094,-8832.381738102989,-9146.597952197690,-8987.425447469537,-5909.536258623533,.000000000000000,.000000000000000
648.0000000000,-7380.989830128896,-6997.671736290304,-8796.257250305907,-9102.701443088594,-8945.747411935025,-5871.962411529552,.000000000000000,.000000000000000
649.0000000000,-8566.060674740203,-8234.956257200387,-9892.227271076186,-9371.534027426735,-9200.006618576095,-6132.811630053577,.000000000000000,.000000000000000
650.0000000000,-8032.476332297474,-7667.152746805634,-9405.918453218350,-9426.797073921423,-9250.353258835135,-6180.732619045333,.000000000000000,.000000000000000
651.0000000000,-7711.190509223041,-7331.718736455136,-9156.320055948603,-9403.017008549084,-9227.457080787548,-6156.353034550959,.000000000000000,.000000000000000
652.0000000000,-7635.595543466005,-7250.460714154562,-9077.748072252301,-9364.562826626341,-9191.405470061583,-6120.139536555089,.000000000000000,.000000000000000
653.0000000000,-7564.317092279276,-7177.956303983508,-9015.420816558790,-9321.836505699721,-9151.873108041495,-6081.583130435083,.000000000000000,.000000000000000
654.0000000000,-7507.857376886186,-7122.227619251787,-8956.577378693726,-9275.565489014731,-9108.880684823964,-6040.314830586703,.000000000000000,.000000000000000
655.0000000000,-7482.704166036274,-7094.999859858604,-8918.216321985312,-9231.396682888850,-9067.596517317388,-6001.174736220821,.000000000000000,.000000000000000
656.0000000000,-7458.495636538002,-7069.111413243349,-8882.175189870055,-9189.298977832144,-9027.889027725652,-5963.769482333650,.000000000000000,.000000000000000
657.0000000000,-7435.125097523080,-7044.372134221569,-8848.098981035799,-9149.170099980875,-8989.655096816445,-5927.822857060497,.000000000000000,.000000000000000
658.0000000000,-7412.449867507250,-7020.596951877940,-8815.686621912981,-9110.869099867083,-8952.801423110875,-5893.132554105217,.000000000000000,.000000000000000
659.0000000000,-7390.397964496693,-6997.670178456356,-8784.715940752068,-9074.244796169718,-8917.242942355833,-5859.549722298632,.000000000000000,.000000000000000
660.0000000000,-7368.893380255544,-6975.480927082979,-8754.994073921251,-9039.145393300068,-8882.896415768402,-5826.959476491085,.000000000000000,.000000000000000
661.0000000000,-7347.841053937387,-6953.922414062970,-8726.357596376383,-9005.426595866098,-8849.681055843233,-5795.270964095525,.000000000000000,.000000000000000
662.0000000000,-7327.248374460101,-6932.958487494878,-8698.695496094499,-8972.957839287588,-8817.520352951660,-5764.410702036059,.000000000000000,.000000000000000
663.0000000000,-7307.076048338977,-6912.531367876416,-8671.903299490035,-8941.621697896939,-8786.341763718090,-5734.317597622439,.000000000000000,.000000000000000
664.0000000000,-7902.560682978778,-7526.316740989267,-9187.431655303508,-9054.274672484607,-8889.762872234385,-5839.686710104790,.000000000000000,.000000000000000
665.0000000000,-9048.692191741966,-8732.450255544734,-10159.83451780194,-9389.281410732678,-9202.565663540416,-6146.425189492840,.000000000000000,.000000000000000
666.0000000000,-7823.702449545588,-7444.927383495573,-9242.526315407644,-9396.082023977251,-9207.992194166452,-6145.994943191559,.000000000000000,.000000000000000
667.0000000000,-7566.280163991074,-7182.881105819257,-9038.441373208721,-9350.068873343866,-9166.024285042147,-6100.894985069377,.000000000000000,.000000000000000
668.0000000000,-7540.027687063020,-7153.237554281974,-8995.411323949118,-9305.353080309893,-9125.868013461564,-6059.730762128771,.000000000000000,.000000000000000
669.0000000000,-7515.007204259662,-7125.497454745502,-8955.552383404416,-9262.226843645478,-9087.159432050625,-6021.414570776307,.000000000000000,.000000000000000
670.0000000000,-7497.136746586119,-7104.519357253355,-8922.183199867979,-9221.638981876127,-9050.363345552707,-5985.646431623534,.000000000000000,.000000000000000
671.0000000000,-8181.727794064571,-7808.723484413367,-9486.072125284731,-9339.249228227480,-9162.195343493517,-6097.791950069019,.000000000000000,.000000000000000
672.0000000000,-8126.324693023689,-7748.718429452672,-9452.950835125168,-9413.948024968091,-9231.921721231829,-6165.726970778238,.000000000000000,.000000000000000
673.0000000000,-7602.816179152998,-7212.603015321129,-9063.211964380760,-9370.774805587558,-9192.148983945110,-6125.150751855630,.000000000000000,.000000000000000
674.0000000000,-7768.871291367053,-7375.688452244360,-9176.267253290940,-9367.894015998221,-9190.638480331239,-6123.761577270499,.000000000000000,.000000000000000
675.0000000000,-8208.521976719945,-7831.359145230128,-9545.466720494143,-9462.924217883859,-9280.881630606917,-6213.430471158319,.000000000000000,.000000000000000
676.0000000000,-7642.013348218263,-7249.699674855510,-9108.220895472259,-9419.572349446740,-9241.043748692980,-6173.439453856830,.000000000000000,.000000000000000
677.0000000000,-7616.996361037594,-7222.004648713189,-9068.799716382329,-9377.483509786411,-9202.815771283013,-6136.306840679817,.000000000000000,.000000000000000
678.0000000000,-9190.148096629378,-8861.700858948616,-10389.53074467561,-9697.888575146255,-9504.984969834093,-6435.904972953342,.000000000000000,.000000000000000
679.0000000000,-8622.878367693562,-8258.350333431143,-9979.591231384924,-9819.963825232788,-9618.807290643366,-6545.415541030705,.000000000000000,.000000000000000
680.0000000000,-7869.990216874041,-7483.655588956248,-9420.487162435838,-9766.542537115081,-9571.096587975546,-6495.617940387678,.000000000000000,.000000000000000
681.0000000000,-9206.494871958073,-8864.939953890245,-10477.50633815216,-10004.15658673447,-9795.937395508354,-6717.571228413251,.000000000000000,.000000000000000
682.0000000000,-9016.578873841205,-8661.706463003078,-10406.44610564368,-10162.05418879984,-9946.438994272899,-6863.500014108011,.000000000000000,.000000000000000
683.0000000000,-8099.043581705981,-7713.964720274302,-9719.899996189317,-10099.19185001606,-9892.174146271558,-6807.292961955138,.000000000000000,.000000000000000
684.0000000000,-8361.497155125458,-7971.939079067415,-9889.526028161186,-10097.17276539559,-9895.416734015593,-6810.981574282494,.000000000000000,.000000000000000
685.0000000000,-9703.674229479699,-9369.780268573417,-10986.64406211681,-10389.36471480287,-10172.80660075223,-7085.200545423300,.000000000000000,.000000000000000
686.0000000000,-8808.075939452516,-8427.956813569008,-10376.43239932994,-10445.26395183145,-10230.26824179824,-7140.968603343261,.000000000000000,.000000000000000
687.0000000000,-8302.605553481171,-7910.903476586138,-9967.384658904757,-10377.02061297628,-10171.66417896534,-7083.372880614119,.000000000000000,.000000000000000
688.0000000000,-8266.487974191550,-7869.022487563774,-9904.381638693751,-10311.32480650883,-10115.70665047362,-7030.969308314989,.000000000000000,.000000000000000
689.0000000000,-8233.082310010703,-7830.927429809524,-9847.952311230953,-10249.13731966043,-10062.12148278518,-6982.327494064693,.000000000000000,.000000000000000
690.0000000000,-8201.615471357103,-7795.649646530595,-9796.598027859754,-10190.67556079752,-10010.76815022167,-6936.536007456249,.000000000000000,.000000000000000
691.0000000000,-8172.068180135042,-7762.843066282241,-9749.409428782516,-10135.81640505690,-9961.551679411354,-6892.995030584047,.000000000000000,.000000000000000
692.0000000000,-8144.502136620265,-7732.292111117991,-9705.760175087147,-10084.30079076747,-9914.387532632447,-6851.300953356558,.000000000000000,.000000000000000
693.0000000000,-8676.068601371058,-8271.211208871846,-10112.60084937781,-10152.78218167466,-9978.313276394834,-6918.969904186086,.000000000000000,.000000000000000
694.0000000000,-9246.615190141056,-8864.206217421990,-10607.39044334140,-10335.39517208439,-10148.25742275272,-7089.093655102428,.000000000000000,.000000000000000
695.0000000000,-9977.853754918517,-9628.510333835093,-11318.18921940183,-10669.27437264210,-10462.05246967617,-7397.319216968863,.000000000000000,.000000000000000
696.0000000000,-8488.463468249989,-8087.570151601612,-10187.42713683429,-10605.48261088193,-10403.19008627172,-7336.149347813433,.000000000000000,.000000000000000
697.0000000000,-8450.519484384011,-8044.295806843211,-10122.52456994051,-10542.00062853052,-10347.21945482941,-7281.126894284156,.000000000000000,.000000000000000
698.0000000000,-8416.090254217714,-8005.482855736027,-10064.91550417816,-10480.82623397960,-10293.64047687199,-7230.446244380422,.000000000000000,.000000000000000
699.0000000000,-8383.745216325440,-7969.583899550582,-10012.64078678992,-10422.71955125768,-10242.22359287131,-7182.985729693213,.000000000000000,.000000000000000
700.0000000000,-8670.493150286740,-8255.605801522994,-10229.29527798125,-10439.50124612602,-10260.56605833148,-7205.078769743828,.000000000000000,.000000000000000
701.0000000000,-9206.228776202053,-8807.057927546264,-10657.03556944969,-10564.27334252645,-10377.89573745995,-7323.802439091194,.000000000000000,.000000000000000
702.0000000000,-8452.186586115818,-8037.382249055549,-10099.41512088418,-10508.39102691952,-10326.11162466263,-7273.533520435989,.000000000000000,.000000000000000
703.0000000000,-8419.599345872917,-8001.730681935253,-10048.49724464979,-10454.19901828777,-10276.57703596943,-7226.759280232442,.000000000000000,.000000000000000
704.0000000000,-8389.217482498823,-7968.833782638199,-10001.87990591791,-10402.35109334285,-10229.03238044513,-7182.589472728441,.000000000000000,.000000000000000
705.0000000000,-8360.187675531142,-7937.788341365025,-9958.502951593500,-10353.00191699605,-10183.31210355553,-7140.454940690248,.000000000000000,.000000000000000
706.0000000000,-8332.257864164372,-7908.261325681664,-9917.767671413483,-10306.08187406599,-10139.30002507986,-7099.987734088736,.000000000000000,.000000000000000
707.0000000000,-8305.263734768825,-7880.019476145770,-9879.238295559549,-10261.42546378197,-10096.89677739994,-7060.935987112824,.000000000000000,.000000000000000
708.0000000000,-8279.101151342500,-7852.897294860180,-9842.586337384093,-10218.83511942685,-10056.00807300507,-7023.119061742958,.000000000000000,.000000000000000
709.0000000000,-8253.684324259704,-7826.745431261985,-9807.537526716742,-10178.10740066857,-10016.53505004561,-6986.396080634602,.000000000000000,.000000000000000
710.0000000000,-8228.903044616094,-7801.424519904305,-9773.871408243931,-10139.05304544900,-9978.381675485351,-6950.658727017586,.000000000000000,.000000000000000
711.0000000000,-8204.717571946296,-7776.862376471596,-9741.432121854132,-10101.50481028993,-9941.459830366037,-6915.826458980493,.000000000000000,.000000000000000
712.0000000000,-8181.217050224637,-7753.046603889086,-9710.099115930680,-10065.31119294119,-9905.682374477092,-6881.831129237693,.000000000000000,.000000000000000
713.0000000000,-8158.239054777827,-7729.854049864191,-9679.737508786826,-10030.33944749930,-9870.967691688722,-6848.616328652170,.000000000000000,.000000000000000
714.0000000000,-8335.508049978314,-7905.021755285336,-9815.936808511738,-10040.48965487291,-9878.041369207946,-6857.432710411293,.000000000000000,.000000000000000
715.0000000000,-9195.777108464383,-8797.715583011348,-10527.32082732804,-10236.76973894868,-10059.96760629465,-7036.940026285256,.000000000000000,.000000000000000
716.0000000000,-8263.599232016784,-7842.002882809753,-9836.050631010656,-10197.09248041121,-10021.01676645874,-6995.305761427164,.000000000000000,.000000000000000
717.0000000000,-8236.285707778990,-7813.162001730232,-9796.170392250297,-10157.24942546700,-9983.439223713252,-6956.695302681284,.000000000000000,.000000000000000
718.0000000000,-8210.940268480112,-7786.555684091105,-9759.495560758525,-10118.21666527345,-9947.000288059251,-6920.252027656279,.000000000000000,.000000000000000
719.0000000000,-9031.440568604641,-8625.323356036126,-10408.38808209283,-10260.53277815267,-10079.94766850545,-7051.555227534913,.000000000000000,.000000000000000
720.0000000000,-10566.74392121508,-10226.21374230976,-11819.76029553422,-10761.59914222146,-10548.03297896557,-7514.469315071901,.000000000000000,.000000000000000
721.0000000000,-8589.547629995403,-8178.609360249568,-10293.81867190676,-10705.14480371109,-10496.44256812533,-7456.077696165530,.000000000000000,.000000000000000
722.0000000000,-8706.820443734123,-8287.238210006501,-10342.32054223219,-10675.46931104085,-10472.54316505623,-7429.156756983819,.000000000000000,.000000000000000
723.0000000000,-8632.345313392721,-8207.797978171038,-10266.35865112581,-10634.21914603733,-10438.23294319133,-7394.290442268852,.000000000000000,.000000000000000
724.0000000000,-8517.950947789594,-8095.898799568808,-10166.93949366741,-10579.49361645830,-10391.06523395503,-7348.499919854876,.000000000000000,.000000000000000
725.0000000000,-8487.763958422363,-8063.046009367359,-10119.77608373838,-10527.44911343417,-10345.51860716880,-7305.495676672324,.000000000000000,.000000000000000
726.0000000000,-8459.238339905445,-8032.384514852380,-10076.35599923483,-10478.20024186225,-10301.55931251230,-7264.656121362115,.000000000000000,.000000000000000
727.0000000000,-9952.235580852330,-9571.961631951857,-11278.20314538518,-10765.87331192685,-10571.74530199842,-7533.845700666696,.000000000000000,.000000000000000
728.0000000000,-8615.621094295966,-8194.268586653965,-10296.25715034063,-10712.33479350421,-10521.84884266567,-7482.970162300282,.000000000000000,.000000000000000
729.0000000000,-8582.892793445471,-8158.192432350228,-10243.96674644285,-10659.47247581538,-10474.13219299297,-7436.279072188938,.000000000000000,.000000000000000
730.0000000000,-9379.156826268092,-8967.139163181186,-10826.26624934659,-10771.09863880863,-10578.43665738422,-7540.071992607407,.000000000000000,.000000000000000
