total_inner_iterations,totim,kper,kstp,nouter,inner_iterations,solution_outer_dvmax,solution_outer_dvmax_model,solution_outer_dvmax_package,solution_outer_dvmax_node
38,365.0000000000000,1,1,1,38,19.28351465908465,1,,5604
50,365.0000000000000,1,1,2,12,-1.284982813361282,1,,5692
57,365.0000000000000,1,1,3,7,-.3643968011470164,1,,5692
59,365.0000000000000,1,1,4,2,-.7709160434422202E-01,1,,5603
76,366.0000000000000,2,1,1,17,16.93512578991455,1,,100335
78,366.0000000000000,2,1,2,2,.6100210291400643E-01,1,,7806
86,367.0000000000000,3,1,1,8,.1133526391677790,1,,54471
89,367.0000000000000,3,1,2,3,.3268354347517288E-01,1,,224574
91,368.0000000000000,4,1,1,2,.8446411750168181E-01,1,,54471
93,369.0000000000000,5,1,1,2,.6563840582328595E-01,1,,54471
100,370.0000000000000,6,1,1,7,-.8951089985798966E-01,1,,35689
102,371.0000000000000,7,1,1,2,-.6403346049963332E-01,1,,21991
105,372.0000000000000,8,1,1,3,-.6316094613015011E-01,1,,37186
107,373.0000000000000,9,1,1,2,-.4495466187951536E-01,1,,52289
116,374.0000000000000,10,1,1,9,1.108960627400858,1,,7723
121,374.0000000000000,10,1,2,5,.1240217316078085,1,,2493
123,374.0000000000000,10,1,3,2,-.2301555328767790E-01,1,,7806
130,375.0000000000000,11,1,1,7,-1.484362384148735,1,,7642
135,375.0000000000000,11,1,2,5,.5700717723794817,1,,7642
138,375.0000000000000,11,1,3,3,.1710213345192280,1,,7642
140,375.0000000000000,11,1,4,2,.3417449418204654E-01,1,,7642
154,376.0000000000000,12,1,1,14,4.958062392974220,1,,7723
161,376.0000000000000,12,1,2,7,-2.208404893081827,1,,7806
163,376.0000000000000,12,1,3,2,-.7935187334518474,1,,7806
165,376.0000000000000,12,1,4,2,-.1810926947275178,1,,7806
167,376.0000000000000,12,1,5,2,.5598118304684974E-01,1,,7722
178,377.0000000000000,13,1,1,11,-.8308829145144916,1,,2308
184,377.0000000000000,13,1,2,6,.4406100210651580,1,,2410
186,377.0000000000000,13,1,3,2,-.8472394396984129E-01,1,,9034
199,378.0000000000000,14,1,1,13,-2.645341891488918,1,,5606
203,378.0000000000000,14,1,2,4,-.6770773486058204,1,,6710
205,378.0000000000000,14,1,3,2,.1489423992447563,1,,8136
207,378.0000000000000,14,1,4,2,.2990184773805638E-01,1,,8136
211,379.0000000000000,15,1,1,4,-.2683366457377048,1,,9034
214,379.0000000000000,15,1,2,3,-.3576450430964044,1,,7723
216,379.0000000000000,15,1,3,2,-.1053560490468897E-01,1,,51650
219,380.0000000000000,16,1,1,3,-3.206200177405467,1,,7723
222,380.0000000000000,16,1,2,3,.6450016948676733,1,,7723
224,380.0000000000000,16,1,3,2,.1957374534489347,1,,7723
226,380.0000000000000,16,1,4,2,.3913411469379824E-01,1,,7723
229,381.0000000000000,17,1,1,3,-.1137936015968393,1,,7642
232,381.0000000000000,17,1,2,3,-.2603989188631406E-01,1,,232610
235,382.0000000000000,18,1,1,3,-.1606443714664501,1,,35775
238,382.0000000000000,18,1,2,3,-.9489192437212424E-01,1,,6041
241,383.0000000000000,19,1,1,3,-.9433037789917975E-01,1,,7642
244,384.0000000000000,20,1,1,3,-.8643790517841055E-01,1,,7642
250,385.0000000000000,21,1,1,6,.3488655044936984,1,,7723
253,385.0000000000000,21,1,2,3,-.2136843126293897,1,,7724
254,385.0000000000000,21,1,3,1,-.2270757023410397E-02,1,,128075
258,386.0000000000000,22,1,1,4,-.2302565496270894,1,,7724
259,386.0000000000000,22,1,2,1,.3953922004150456E-02,1,,54195
261,387.0000000000000,23,1,1,2,.4225024855723092,1,,7723
262,387.0000000000000,23,1,2,1,-.8614588259415967E-02,1,,52458
276,388.0000000000000,24,1,1,14,6.673302725104225,1,,7723
285,388.0000000000000,24,1,2,9,-3.877495039521662,1,,7724
289,388.0000000000000,24,1,3,4,-1.474994960539792,1,,7724
291,388.0000000000000,24,1,4,2,-.3559735166234148,1,,7724
293,388.0000000000000,24,1,5,2,.1149443048875760,1,,7640
295,388.0000000000000,24,1,6,2,.3593223448776683E-01,1,,7640
313,389.0000000000000,25,1,1,18,-3.355332363583170,1,,2394
316,389.0000000000000,25,1,2,3,-.9934581451967119,1,,6295
318,389.0000000000000,25,1,3,2,.1466513472788904,1,,8136
320,389.0000000000000,25,1,4,2,.2943496033655890E-01,1,,8136
331,390.0000000000000,26,1,1,11,-.3835350694535009,1,,37292
333,390.0000000000000,26,1,2,2,-1.125183690003844,1,,7723
335,390.0000000000000,26,1,3,2,.6461491207072712E-01,1,,6541
339,391.0000000000000,27,1,1,4,-2.282730918902566,1,,7723
342,391.0000000000000,27,1,2,3,.6543305566054975,1,,7723
344,391.0000000000000,27,1,3,2,.1985017258568682,1,,7723
346,391.0000000000000,27,1,4,2,.3980447499710849E-01,1,,7723
353,392.0000000000000,28,1,1,7,.5131540697974870,1,,7723
357,392.0000000000000,28,1,2,4,.3808299658177017E-01,1,,33562
366,393.0000000000000,29,1,1,9,1.019434778654961,1,,7723
371,393.0000000000000,29,1,2,5,.2068206399463328,1,,7723
373,393.0000000000000,29,1,3,2,-.2093325047339256E-01,1,,5619
386,394.0000000000000,30,1,1,13,2.524642669702466,1,,7723
391,394.0000000000000,30,1,2,5,-1.386930750972336,1,,7723
394,394.0000000000000,30,1,3,3,-.4702688895319582,1,,7723
396,394.0000000000000,30,1,4,2,-.1014352223162405,1,,7723
398,394.0000000000000,30,1,5,2,.1564440167655334E-01,1,,7722
412,395.0000000000000,31,1,1,14,-2.395404181499313,1,,5606
415,395.0000000000000,31,1,2,3,-1.953838091616099,1,,7723
417,395.0000000000000,31,1,3,2,.1884602367534356,1,,7723
419,395.0000000000000,31,1,4,2,.6265671632401748E-01,1,,7723
423,396.0000000000000,32,1,1,4,-.8316906714402350,1,,7723
426,396.0000000000000,32,1,2,3,-.3128625350946628,1,,7889
427,396.0000000000000,32,1,3,1,-.7133521571642376E-02,1,,23177
436,397.0000000000000,33,1,1,9,1.934811139416283,1,,211067
441,397.0000000000000,33,1,2,5,.1654633976474589,1,,3714
443,397.0000000000000,33,1,3,2,-.2306680934210448E-01,1,,5786
452,398.0000000000000,34,1,1,9,-1.957853121470457,1,,7723
457,398.0000000000000,34,1,2,5,.6946679203331421,1,,7723
459,398.0000000000000,34,1,3,2,.2108256972937959,1,,7723
461,398.0000000000000,34,1,4,2,.4216416109632704E-01,1,,7723
464,399.0000000000000,35,1,1,3,-.9161931302425330E-01,1,,5786
475,400.0000000000000,36,1,1,11,3.015651246954320,1,,7723
482,400.0000000000000,36,1,2,7,.4750338317823659,1,,2409
486,400.0000000000000,36,1,3,4,-.1252659831340885,1,,7889
488,400.0000000000000,36,1,4,2,-.2530276738170301E-01,1,,7889
495,401.0000000000000,37,1,1,7,.3226855816342815,1,,2410
502,401.0000000000000,37,1,2,7,.3803947940861514,1,,2407
504,401.0000000000000,37,1,3,2,.2176812887772250E-01,1,,2651
517,402.0000000000000,38,1,1,13,-2.094268079961548,1,,5606
520,402.0000000000000,38,1,2,3,-.8507732435173168,1,,7723
522,402.0000000000000,38,1,3,2,.9244254444412991E-01,1,,2407
533,403.0000000000000,39,1,1,11,2.382663823266615,1,,7723
540,403.0000000000000,39,1,2,7,-1.407755619986894,1,,7723
543,403.0000000000000,39,1,3,3,-.4784785293855833,1,,7723
545,403.0000000000000,39,1,4,2,-.1033946869641724,1,,7723
547,403.0000000000000,39,1,5,2,.1597238382306543E-01,1,,7722
560,404.0000000000000,40,1,1,13,-2.125436514988653,1,,5606
563,404.0000000000000,40,1,2,3,-1.666566465405193,1,,7723
565,404.0000000000000,40,1,3,2,.2020259522253305,1,,7723
568,404.0000000000000,40,1,4,3,.6074864166571459E-01,1,,7723
575,405.0000000000000,41,1,1,7,-.8092305228755698,1,,7723
578,405.0000000000000,41,1,2,3,-.1398472013930316,1,,8873
579,405.0000000000000,41,1,3,1,.7676713223396803E-02,1,,7723
590,406.0000000000000,42,1,1,11,7.370453900997724,1,,7723
598,406.0000000000000,42,1,2,8,-4.287594176389938,1,,7723
603,406.0000000000000,42,1,3,5,-1.722582436917836,1,,7723
605,406.0000000000000,42,1,4,2,-.4452672694028088,1,,7723
607,406.0000000000000,42,1,5,2,.1468207464960329,1,,7722
612,406.0000000000000,42,1,6,5,.4606505864758503E-01,1,,7722
626,407.0000000000000,43,1,1,14,3.827758395727241,1,,2480
634,407.0000000000000,43,1,2,8,1.377584104704529,1,,2586
637,407.0000000000000,43,1,3,3,-.2890953821357165,1,,5198
639,407.0000000000000,43,1,4,2,-.5904816990919670E-01,1,,5198
657,408.0000000000000,44,1,1,18,-5.731856780502546,1,,2480
661,408.0000000000000,44,1,2,4,-.8669774980550979,1,,35940
663,408.0000000000000,44,1,3,2,.1572804963497276,1,,8301
667,408.0000000000000,44,1,4,4,.3239585380465293E-01,1,,4049
679,409.0000000000000,45,1,1,12,-.8297004634334879,1,,5367
681,409.0000000000000,45,1,2,2,-.5093516231521722,1,,5198
683,409.0000000000000,45,1,3,2,.2230428827230035E-01,1,,3965
696,410.0000000000000,46,1,1,13,.9950503888359989,1,,5606
699,410.0000000000000,46,1,2,3,.2214762052171064,1,,3965
702,410.0000000000000,46,1,3,3,.1493761258316617E-01,1,,186783
711,411.0000000000000,47,1,1,9,-.5409900183976859,1,,3713
714,411.0000000000000,47,1,2,3,-.3406471438017533E-01,1,,186523
725,412.0000000000000,48,1,1,11,-.3900243726995605,1,,5606
727,412.0000000000000,48,1,2,2,.6702327599072477E-01,1,,2407
744,413.0000000000000,49,1,1,17,1.387564994915010,1,,5606
747,413.0000000000000,49,1,2,3,.3442813796221058,1,,2407
750,413.0000000000000,49,1,3,3,-.4454858666050043E-01,1,,5952
761,414.0000000000000,50,1,1,11,-.3614443792600639,1,,5606
764,414.0000000000000,50,1,2,3,.3732146449935314E-01,1,,3534
773,415.0000000000000,51,1,1,9,-.6366542985878958,1,,5606
777,415.0000000000000,51,1,2,4,-.1145173605638163,1,,8548
779,415.0000000000000,51,1,3,2,.2703310308093609E-01,1,,2586
786,416.0000000000000,52,1,1,7,-.5339965316404580,1,,5606
792,416.0000000000000,52,1,2,6,-.4958407632057877,1,,7723
794,416.0000000000000,52,1,3,2,.3527840286992978E-01,1,,2407
801,417.0000000000000,53,1,1,7,-.9458941932730163,1,,7723
804,417.0000000000000,53,1,2,3,-.8025220644871922E-01,1,,8918
811,418.0000000000000,54,1,1,7,-.1517655977007486,1,,5870
814,418.0000000000000,54,1,2,3,-.6605352922377605E-01,1,,21240
823,419.0000000000000,55,1,1,9,.8823189352100691,1,,7723
826,419.0000000000000,55,1,2,3,-.1053006890834070,1,,9006
828,419.0000000000000,55,1,3,2,.4204863127083769E-01,1,,7723
842,420.0000000000000,56,1,1,14,3.847843150422666,1,,7723
849,420.0000000000000,56,1,2,7,-3.048846267179798,1,,7723
852,420.0000000000000,56,1,3,3,-1.158481463261040,1,,7723
854,420.0000000000000,56,1,4,2,-.2785311187482158,1,,7723
856,420.0000000000000,56,1,5,2,.7443195676271230E-01,1,,7722
870,421.0000000000000,57,1,1,14,1.122795479773431,1,,2407
876,421.0000000000000,57,1,2,6,.5018202350428211,1,,4819
878,421.0000000000000,57,1,3,2,-.8833623997274920E-01,1,,35943
891,422.0000000000000,58,1,1,13,-2.796469774532763,1,,5606
898,422.0000000000000,58,1,2,7,.4781806349206037,1,,2496
900,422.0000000000000,58,1,3,2,.1414179857946536,1,,2496
902,422.0000000000000,58,1,4,2,.2851884419527106E-01,1,,2496
911,423.0000000000000,59,1,1,9,-.3854372938294652,1,,20823
914,423.0000000000000,59,1,2,3,-.3358434828632255,1,,36531
915,423.0000000000000,59,1,3,1,-.6315414657247942E-02,1,,52642
922,424.0000000000000,60,1,1,7,-.2167691420340603,1,,8136
925,424.0000000000000,60,1,2,3,-.5975711840169851E-01,1,,52713
945,425.0000000000000,61,1,1,20,8.081408653193925,1,,2394
955,425.0000000000000,61,1,2,10,3.486695799429245,1,,2407
960,425.0000000000000,61,1,3,5,-.8125610992381667,1,,8136
962,425.0000000000000,61,1,4,2,-.1463583486863982,1,,8136
964,425.0000000000000,61,1,5,2,.5073734448050971E-01,1,,8135
975,426.0000000000000,62,1,1,11,2.222620739278137,1,,2500
984,426.0000000000000,62,1,2,9,.7790059191379761,1,,4132
986,426.0000000000000,62,1,3,2,-.1082375943589522,1,,3811
988,426.0000000000000,62,1,4,2,-.2060098732380666E-01,1,,3811
1007,427.0000000000000,63,1,1,19,-7.241145922103430,1,,2480
1012,427.0000000000000,63,1,2,5,-1.622078570672620,1,,6711
1015,427.0000000000000,63,1,3,3,.3207857242477159,1,,2498
1017,427.0000000000000,63,1,4,2,.1127047268960881,1,,2500
1020,427.0000000000000,63,1,5,3,-.1691462992331694E-01,1,,203836
1032,428.0000000000000,64,1,1,12,-.9430803409004085,1,,8953
1034,428.0000000000000,64,1,2,2,-.7507127478941236,1,,21498
1036,428.0000000000000,64,1,3,2,.1298593136821111,1,,9007
1038,428.0000000000000,64,1,4,2,.3893743422929674E-01,1,,9007
1047,429.0000000000000,65,1,1,9,-.4515993969751406,1,,8792
1049,429.0000000000000,65,1,2,2,-.4949732689585424,1,,6039
1052,429.0000000000000,65,1,3,3,.7677154470096070E-01,1,,9098
1059,430.0000000000000,66,1,1,7,-.3067018908300980,1,,6796
1062,430.0000000000000,66,1,2,3,-.3221391303349037,1,,5954
1064,430.0000000000000,66,1,3,2,.2080956641981402E-01,1,,8383
1078,431.0000000000000,67,1,1,14,5.318602510534401,1,,5773
1086,431.0000000000000,67,1,2,8,1.796800514591719,1,,2496
1088,431.0000000000000,67,1,3,2,-.3912227337420369,1,,36194
1090,431.0000000000000,67,1,4,2,-.7770009665827615E-01,1,,36194
1106,432.0000000000000,68,1,1,16,-5.015563556163272,1,,2480
1112,432.0000000000000,68,1,2,6,-1.606372951555336,1,,9008
1114,432.0000000000000,68,1,3,2,.1455930323380770,1,,9008
1116,432.0000000000000,68,1,4,2,.4376762201534490E-01,1,,9008
1126,433.0000000000000,69,1,1,10,-.3449673263829496,1,,8333
1128,433.0000000000000,69,1,2,2,-.2093907239631037,1,,20821
1130,433.0000000000000,69,1,3,2,.1725947028889063E-01,1,,2496
1140,434.0000000000000,70,1,1,10,-.2976401644339077,1,,9007
1143,434.0000000000000,70,1,2,3,-.9383695504769918E-01,1,,8255
1151,435.0000000000000,71,1,1,8,.3969212472538040,1,,6461
1154,435.0000000000000,71,1,2,3,-.1322894224109916,1,,8630
1156,435.0000000000000,71,1,3,2,-.3999422204859115E-01,1,,8630
1164,436.0000000000000,72,1,1,8,.6600453107755122,1,,5606
1167,436.0000000000000,72,1,2,3,.5610581486544852E-01,1,,18274
1179,437.0000000000000,73,1,1,12,1.582989451620033,1,,5606
1184,437.0000000000000,73,1,2,5,.3217704479666921,1,,2496
1187,437.0000000000000,73,1,3,3,-.3586830361537707E-01,1,,7495
1200,438.0000000000000,74,1,1,13,-2.096665849707765,1,,5606
1202,438.0000000000000,74,1,2,2,.2119048258495324,1,,2496
1204,438.0000000000000,74,1,3,2,.6459022774175338E-01,1,,2496
1211,439.0000000000000,75,1,1,7,-.5730851269894650,1,,6377
1214,439.0000000000000,75,1,2,3,-.1038949373217761,1,,38369
1215,439.0000000000000,75,1,3,1,.7505297963734225E-02,1,,2586
1222,440.0000000000000,76,1,1,7,-.1306354842369410,1,,2581
1225,440.0000000000000,76,1,2,3,-.7708683241495962E-01,1,,5954
1232,441.0000000000000,77,1,1,7,-.1301836468291846,1,,36530
1235,441.0000000000000,77,1,2,3,-.6141712736116212E-01,1,,3977
1245,442.0000000000000,78,1,1,10,-.1177051291880371,1,,3811
1248,442.0000000000000,78,1,2,3,-.3864357694031639E-01,1,,3363
1255,443.0000000000000,79,1,1,7,-.1060231773688587,1,,2459
1258,443.0000000000000,79,1,2,3,-.9556701381380428E-01,1,,3256
1265,444.0000000000000,80,1,1,7,-.1096437256135632,1,,3256
1268,444.0000000000000,80,1,2,3,-.1007881724865243,1,,6040
1269,444.0000000000000,80,1,3,1,.4566287803632996E-02,1,,2407
1276,445.0000000000000,81,1,1,7,-.1198703528864726,1,,6379
1279,445.0000000000000,81,1,2,3,-.2691176948373730E-01,1,,186609
1288,446.0000000000000,82,1,1,9,3.269356575749011,1,,5606
1296,446.0000000000000,82,1,2,8,1.682742677014484,1,,2407
1300,446.0000000000000,82,1,3,4,-.2556506631342650,1,,6379
1302,446.0000000000000,82,1,4,2,-.5211092379154891E-01,1,,6379
1313,447.0000000000000,83,1,1,11,-.9857912996345863,1,,2480
1318,447.0000000000000,83,1,2,5,.2980753613925904,1,,2669
1320,447.0000000000000,83,1,3,2,.2351471492042556E-01,1,,2753
1334,448.0000000000000,84,1,1,14,-2.218768704731179,1,,5606
1336,448.0000000000000,84,1,2,2,-.3747168143147910,1,,36786
1338,448.0000000000000,84,1,3,2,.7868494656129155E-01,1,,2496
1350,449.0000000000000,85,1,1,12,-.5013786463299468,1,,8525
1352,449.0000000000000,85,1,2,2,-.1709495222000559,1,,5282
1354,449.0000000000000,85,1,3,2,.1568148300950867E-01,1,,6195
1361,450.0000000000000,86,1,1,7,-.2162076033862430,1,,20570
1364,450.0000000000000,86,1,2,3,-.2012068332940515,1,,6039
1365,450.0000000000000,86,1,3,1,.3788297191062995E-02,1,,19099
1372,451.0000000000000,87,1,1,7,-.1639949577196944,1,,8711
1375,451.0000000000000,87,1,2,3,-.1068386576063309,1,,3256
1376,451.0000000000000,87,1,3,1,.1620646796887115E-02,1,,66916
1383,452.0000000000000,88,1,1,7,-.1099935188757577,1,,3811
1386,452.0000000000000,88,1,2,3,-.2571299068106292E-01,1,,18274
1393,453.0000000000000,89,1,1,7,-.8346113847409908E-01,1,,2582
1401,454.0000000000000,90,1,1,8,-.1966569314020177,1,,36530
1404,454.0000000000000,90,1,2,3,-.4699181406431308E-01,1,,8339
1411,455.0000000000000,91,1,1,7,-.1400417773262355,1,,5618
1414,455.0000000000000,91,1,2,3,-.4276231080019244E-01,1,,8517
1421,456.0000000000000,92,1,1,7,1.130277686200266,1,,211067
1424,456.0000000000000,92,1,2,3,-.3500911808781382E-01,1,,223472
1430,457.0000000000000,93,1,1,6,1.036462140503431,1,,5606
1436,457.0000000000000,93,1,2,6,.2982823793594003,1,,2407
1437,457.0000000000000,93,1,3,1,-.9187525814095210E-02,1,,37737
1446,458.0000000000000,94,1,1,9,.7637764897669772,1,,2306
1451,458.0000000000000,94,1,2,5,-.1382640454975039,1,,5954
1454,458.0000000000000,94,1,3,3,-.4169077628388962E-01,1,,5954
1467,459.0000000000000,95,1,1,13,-.6265742071370752,1,,5606
1469,459.0000000000000,95,1,2,2,-.5030784791088649E-01,1,,8792
1480,460.0000000000000,96,1,1,11,-.8922473056726119,1,,5606
1484,460.0000000000000,96,1,2,4,-.1373443859793824,1,,8711
1486,460.0000000000000,96,1,3,2,.1268771213388042E-01,1,,3806
1493,461.0000000000000,97,1,1,7,-.1679379941169543,1,,5954
1496,461.0000000000000,97,1,2,3,-.4335355375942385E-01,1,,8339
1503,462.0000000000000,98,1,1,7,-.7773101588562170E-01,1,,4571
1510,463.0000000000000,99,1,1,7,-.9759778369261074E-01,1,,2044
1517,464.0000000000000,100,1,1,7,-.1710484697316303,1,,36616
1520,464.0000000000000,100,1,2,3,-.4456246815329479E-01,1,,37372
1524,465.0000000000000,101,1,1,4,-.1530393656086808,1,,6379
1527,465.0000000000000,101,1,2,3,-.6582539451241232E-01,1,,5953
1531,466.0000000000000,102,1,1,4,-.9091221805266159E-01,1,,5953
1538,467.0000000000000,103,1,1,7,-.7843578527565143E-01,1,,8919
1542,468.0000000000000,104,1,1,4,-.1011582197454830,1,,3760
1545,468.0000000000000,104,1,2,3,-.4356884157303575E-01,1,,232865
1549,469.0000000000000,105,1,1,4,-.6749475247266901E-01,1,,4414
1561,470.0000000000000,106,1,1,12,3.950297192395174,1,,2480
1571,470.0000000000000,106,1,2,10,1.778139558274123,1,,2407
1573,470.0000000000000,106,1,3,2,-.3710594410628403,1,,36955
1575,470.0000000000000,106,1,4,2,-.7626687602481752E-01,1,,36955
1589,471.0000000000000,107,1,1,14,3.045028601542143,1,,2307
1599,471.0000000000000,107,1,2,10,2.223415991812654,1,,2496
1601,471.0000000000000,107,1,3,2,-.2661439911017141,1,,6205
1603,471.0000000000000,107,1,4,2,-.5447243750843711E-01,1,,6205
1621,472.0000000000000,108,1,1,18,-6.130582934266251,1,,2480
1627,472.0000000000000,108,1,2,6,-1.356596837592896,1,,7888
1629,472.0000000000000,108,1,3,2,.1835817747915200,1,,7888
1631,472.0000000000000,108,1,4,2,.5527047585896838E-01,1,,7888
1643,473.0000000000000,109,1,1,12,-.7977665919759040,1,,6205
1645,473.0000000000000,109,1,2,2,-.6506980637695783,1,,6289
1647,473.0000000000000,109,1,3,2,.6099336352865947E-01,1,,6289
1654,474.0000000000000,110,1,1,7,-.2813352483561218,1,,36949
1657,474.0000000000000,110,1,2,3,-.1881996895463587,1,,8218
1659,474.0000000000000,110,1,3,2,.3308163935179920E-01,1,,8218
1669,475.0000000000000,111,1,1,10,-.4064880126670296,1,,6210
1671,475.0000000000000,111,1,2,2,-.1565473571150413,1,,5533
1673,475.0000000000000,111,1,3,2,.1998551259349890E-01,1,,2586
1680,476.0000000000000,112,1,1,7,-.3072581136958323,1,,35858
1683,476.0000000000000,112,1,2,3,-.6393198993058746E-01,1,,9112
1690,477.0000000000000,113,1,1,7,-.1122583373028005,1,,2581
1693,477.0000000000000,113,1,2,3,-.6540823624870029E-01,1,,7543
1700,478.0000000000000,114,1,1,7,-.1006357233062287,1,,2582
1703,478.0000000000000,114,1,2,3,-.8655591916133076E-01,1,,36615
1707,479.0000000000000,115,1,1,4,-.1524918502514936,1,,21327
1710,479.0000000000000,115,1,2,3,-.6729473176334011E-01,1,,6457
1714,480.0000000000000,116,1,1,4,-.9462951420469068E-01,1,,6626
1721,481.0000000000000,117,1,1,7,-.7547171766364347E-01,1,,2583
1729,482.0000000000000,118,1,1,8,.8217048106367564,1,,6377
1734,482.0000000000000,118,1,2,5,.3032545695762154,1,,2407
1736,482.0000000000000,118,1,3,2,-.1401653667806002E-01,1,,6626
1742,483.0000000000000,119,1,1,6,-.8006335771777344,1,,6377
1747,483.0000000000000,119,1,2,5,-.2701615129013568,1,,6039
1748,483.0000000000000,119,1,3,1,.7939800308761846E-02,1,,8053
1752,484.0000000000000,120,1,1,4,-.7295554063624365E-01,1,,6626
1759,485.0000000000000,121,1,1,7,-.1564035341863672,1,,20906
1762,485.0000000000000,121,1,2,3,-.7127548085114199E-01,1,,36530
1780,486.0000000000000,122,1,1,18,-17.57984749444681,1,,211067
1782,486.0000000000000,122,1,2,2,-.7475921464424573E-01,1,,8609
1788,487.0000000000000,123,1,1,6,-.1714207115455082,1,,241817
1793,487.0000000000000,123,1,2,5,-.1153732803730065,1,,227344
1794,487.0000000000000,123,1,3,1,.4079222018454232E-02,1,,51817
1798,488.0000000000000,124,1,1,4,-.1157066532934365,1,,54471
1801,488.0000000000000,124,1,2,3,-.5880811512978301E-01,1,,3760
1805,489.0000000000000,125,1,1,4,-.9769612647065173E-01,1,,54471
1812,490.0000000000000,126,1,1,7,-.1891131518435323,1,,6040
1815,490.0000000000000,126,1,2,3,-.3823002577701828E-01,1,,4413
1819,491.0000000000000,127,1,1,4,-.1176795801882982,1,,4188
1822,491.0000000000000,127,1,2,3,-.3902494790218469E-01,1,,232780
1826,492.0000000000000,128,1,1,4,-.1739252102443345,1,,21667
1829,492.0000000000000,128,1,2,3,-.4812966001222030E-01,1,,3893
1833,493.0000000000000,129,1,1,4,-.6581377893270712E-01,1,,54387
1840,494.0000000000000,130,1,1,7,-.1452589947919591,1,,6796
1843,494.0000000000000,130,1,2,3,-.5139049974936682E-01,1,,8711
1846,495.0000000000000,131,1,1,3,-.7014925521095705E-01,1,,23627
1853,496.0000000000000,132,1,1,7,-.1459251489241176,1,,5448
1856,496.0000000000000,132,1,2,3,-.1196731913273155,1,,6036
1857,496.0000000000000,132,1,3,1,.3739423170001643E-02,1,,3056
1860,497.0000000000000,133,1,1,3,-.6981298270125436E-01,1,,3130
1867,498.0000000000000,134,1,1,7,-.1108311724072166,1,,8919
1870,498.0000000000000,134,1,2,3,-.1040117890314178,1,,5364
1871,498.0000000000000,134,1,3,1,.3479572790713092E-02,1,,51231
1874,499.0000000000000,135,1,1,3,-.6259026341722418E-01,1,,38071
1881,500.0000000000000,136,1,1,7,-.1771390125609482,1,,20739
1884,500.0000000000000,136,1,2,3,-.5351744748217158E-01,1,,8423
1889,501.0000000000000,137,1,1,5,.5430017547439689,1,,8524
1891,501.0000000000000,137,1,2,2,-.8211932764787377E-01,1,,6715
1898,502.0000000000000,138,1,1,7,-.3965465902905052,1,,8524
1901,502.0000000000000,138,1,2,3,-.4205224593429513E-01,1,,35943
1905,503.0000000000000,139,1,1,4,-.1889112355519345,1,,6379
1908,503.0000000000000,139,1,2,3,-.5267563623310245E-01,1,,35774
1919,504.0000000000000,140,1,1,11,1.773183589084702,1,,6377
1926,504.0000000000000,140,1,2,7,.6419475710667033,1,,2410
1929,504.0000000000000,140,1,3,3,-.1847166420994171,1,,5367
1931,504.0000000000000,140,1,4,2,-.3741851221985115E-01,1,,5367
1938,505.0000000000000,141,1,1,7,-1.753862708173429,1,,6377
1944,505.0000000000000,141,1,2,6,-.5645574043714348,1,,36530
1946,505.0000000000000,141,1,3,2,.4849540872233149E-01,1,,9111
1950,506.0000000000000,142,1,1,4,-.4137007556229086,1,,6379
1953,506.0000000000000,142,1,2,3,-.1808055085410629,1,,6036
1954,506.0000000000000,142,1,3,1,-.3425372569829221E-02,1,,54203
1958,507.0000000000000,143,1,1,4,-.2164168292566231,1,,5451
1961,507.0000000000000,143,1,2,3,-.1452586102767128,1,,8711
1962,507.0000000000000,143,1,3,1,.2623617967342895E-02,1,,19098
1965,508.0000000000000,144,1,1,3,-.1678610392221991,1,,6715
1968,508.0000000000000,144,1,2,3,-.7578226867439142E-01,1,,5367
1971,509.0000000000000,145,1,1,3,-.1120004573094384,1,,5367
1974,509.0000000000000,145,1,2,3,-.1245958875993818,1,,5198
1975,509.0000000000000,145,1,3,1,.3259050147370601E-02,1,,66999
1978,510.0000000000000,146,1,1,3,-.8869485718202519E-01,1,,5280
1985,511.0000000000000,147,1,1,7,-.7642881233712728E-01,1,,9098
1988,512.0000000000000,148,1,1,3,-.6216103373571258E-01,1,,6189
1995,513.0000000000000,149,1,1,7,-.1482555768068075,1,,6797
1998,513.0000000000000,149,1,2,3,-.3266650613146993E-01,1,,37490
2001,514.0000000000000,150,1,1,3,-.6019078044262471E-01,1,,38369
2008,515.0000000000000,151,1,1,7,-.1590065266450615,1,,36111
2011,515.0000000000000,151,1,2,3,-.3273799588462367E-01,1,,8174
2014,516.0000000000000,152,1,1,3,-.8576998619496834E-01,1,,39106
2030,517.0000000000000,153,1,1,16,-28.32529367640330,1,,100335
2033,517.0000000000000,153,1,2,3,-.6629801841169325E-01,1,,223817
2039,518.0000000000000,154,1,1,6,-.2569717906205042,1,,54471
2044,518.0000000000000,154,1,2,5,-.1383645147122863,1,,227259
2045,518.0000000000000,154,1,3,1,.3068900185347445E-02,1,,19674
2048,519.0000000000000,155,1,1,3,.2676934334041832,1,,8440
2052,519.0000000000000,155,1,2,4,-.4549981478447052E-01,1,,7959
2060,520.0000000000000,156,1,1,8,.7168693507073698,1,,6293
2062,520.0000000000000,156,1,2,2,.4725742374823749E-01,1,,2409
2071,521.0000000000000,157,1,1,9,-.8417876530398729,1,,6379
2073,521.0000000000000,157,1,2,2,-.1574501836293436,1,,39106
2076,521.0000000000000,157,1,3,3,-.1821934858763985E-01,1,,18360
2079,522.0000000000000,158,1,1,3,-.1409712445869786,1,,8607
2082,522.0000000000000,158,1,2,3,-.5943406936992091E-01,1,,8383
2085,523.0000000000000,159,1,1,3,-.1285057457355592,1,,8607
2088,523.0000000000000,159,1,2,3,-.4357248960356586E-01,1,,6114
2091,524.0000000000000,160,1,1,3,-.1186744864888638,1,,8607
2094,524.0000000000000,160,1,2,3,-.6106574764307737E-01,1,,8248
2097,525.0000000000000,161,1,1,3,-.1106780043378492,1,,39183
2101,525.0000000000000,161,1,2,4,-.4131112886194899E-01,1,,4519
2104,526.0000000000000,162,1,1,3,-.1701616870343123,1,,6548
2107,526.0000000000000,162,1,2,3,-.1009296610103867,1,,5283
2108,526.0000000000000,162,1,3,1,-.5942575644503734E-02,1,,182150
2111,527.0000000000000,163,1,1,3,-.1737321865543322,1,,8860
2114,527.0000000000000,163,1,2,3,-.6311510757065264E-01,1,,8340
2117,528.0000000000000,164,1,1,3,-.9373365521292953E-01,1,,39183
2124,529.0000000000000,165,1,1,7,-.1563867994408348,1,,5702
2127,529.0000000000000,165,1,2,3,-.5361113283836261E-01,1,,8258
2130,530.0000000000000,166,1,1,3,-.9129638216525215E-01,1,,5368
2137,531.0000000000000,167,1,1,7,-.4465258474551241,1,,7723
2140,531.0000000000000,167,1,2,3,-.3824099088510735E-01,1,,8424
2143,532.0000000000000,168,1,1,3,-.7971567788735001E-01,1,,8607
2150,533.0000000000000,169,1,1,7,-.1279643393404939,1,,39177
2153,533.0000000000000,169,1,2,3,-.3707457680010506E-01,1,,22051
2156,534.0000000000000,170,1,1,3,-.8438303139737613E-01,1,,6614
2163,535.0000000000000,171,1,1,7,-.1775187405674288,1,,6126
2166,535.0000000000000,171,1,2,3,-.9157356490677060E-01,1,,37615
2171,536.0000000000000,172,1,1,5,.4896161858025962,1,,8524
2174,536.0000000000000,172,1,2,3,.9134898178027484E-01,1,,7723
2178,537.0000000000000,173,1,1,4,.7130776835062953,1,,7723
2182,537.0000000000000,173,1,2,4,-.5262112070455629,1,,7723
2184,537.0000000000000,173,1,3,2,-.1613942882304045,1,,7723
2186,537.0000000000000,173,1,4,2,-.3293231606783564E-01,1,,7723
2190,538.0000000000000,174,1,1,4,-.6929531204854023,1,,6379
2194,538.0000000000000,174,1,2,4,-.1805432290230158,1,,7723
2195,538.0000000000000,174,1,3,1,.2300323056356746E-02,1,,4771
2198,539.0000000000000,175,1,1,3,-.5367805154060399,1,,7723
2201,539.0000000000000,175,1,2,3,-.6117846237753355E-01,1,,8689
2204,540.0000000000000,176,1,1,3,-.1469421551155392,1,,39265
2207,540.0000000000000,176,1,2,3,-.5288894193011373E-01,1,,8610
2210,541.0000000000000,177,1,1,3,-.1644463963269516,1,,39186
2214,541.0000000000000,177,1,2,4,-.4200647028864779E-01,1,,52295
2217,542.0000000000000,178,1,1,3,-.9408368885429041E-01,1,,8343
2224,543.0000000000000,179,1,1,7,-.2071389688661540,1,,36871
2227,543.0000000000000,179,1,2,3,-.7967745616418398E-01,1,,9113
2230,544.0000000000000,180,1,1,3,.1091441142298901,1,,3712
2233,544.0000000000000,180,1,2,3,-.2732775896144801E-01,1,,197780
2237,545.0000000000000,181,1,1,4,-.1243078960752761,1,,3712
2240,545.0000000000000,181,1,2,3,-.5985628700258161E-01,1,,8419
2243,546.0000000000000,182,1,1,3,-.5880728924069700E-01,1,,8607
2260,547.0000000000000,183,1,1,17,-7.950515027961698,1,,100335
2263,547.0000000000000,183,1,2,3,-.5844694109454096E-01,1,,38323
2273,548.0000000000000,184,1,1,10,-.1303104299097555,1,,243786
2276,548.0000000000000,184,1,2,3,-.4928483081301493E-01,1,,38746
2283,549.0000000000000,185,1,1,7,-.1045733965513378,1,,8607
2286,549.0000000000000,185,1,2,3,-.1582989752420829,1,,37040
2287,549.0000000000000,185,1,3,1,.1947239630005981E-02,1,,37880
2291,550.0000000000000,186,1,1,4,-.1521613084555185,1,,8136
2295,550.0000000000000,186,1,2,4,-.6250589822776220E-01,1,,38747
2298,551.0000000000000,187,1,1,3,-.8872791861842444E-01,1,,8607
2305,552.0000000000000,188,1,1,7,-.1253903719317506,1,,6869
2308,552.0000000000000,188,1,2,3,-.7344770277432033E-01,1,,5701
2312,553.0000000000000,189,1,1,4,-.9771357654952340E-01,1,,23456
2319,554.0000000000000,190,1,1,7,-.2562270011466410,1,,8690
2322,554.0000000000000,190,1,2,3,-.3940749283324507E-01,1,,36588
2326,555.0000000000000,191,1,1,4,-.1837359368779055,1,,37374
2329,555.0000000000000,191,1,2,3,-.5720102704266949E-01,1,,6694
2332,556.0000000000000,192,1,1,3,-.8891141044915685E-01,1,,22066
2339,557.0000000000000,193,1,1,7,-.1436800327757481,1,,9097
2342,557.0000000000000,193,1,2,3,-.1166549850338114,1,,6795
2343,557.0000000000000,193,1,3,1,.4031870632356771E-02,1,,36398
2347,558.0000000000000,194,1,1,4,-.8679708303645839E-01,1,,8173
2354,559.0000000000000,195,1,1,7,-.7111611157693432E-01,1,,5822
2357,560.0000000000000,196,1,1,3,-.1914344480988568,1,,6716
2363,560.0000000000000,196,1,2,6,-.5797405111042053E-01,1,,226924
2366,561.0000000000000,197,1,1,3,-.7122369597896139E-01,1,,5391
2373,562.0000000000000,198,1,1,7,-.1680356960441109,1,,6710
2376,562.0000000000000,198,1,2,3,-.3803552604097860E-01,1,,224240
2391,563.0000000000000,199,1,1,15,5.193268339929137,1,,7723
2398,563.0000000000000,199,1,2,7,-3.022678044228613,1,,7723
2400,563.0000000000000,199,1,3,2,-1.142949002803764,1,,7723
2402,563.0000000000000,199,1,4,2,-.2735046377490420,1,,7723
2404,563.0000000000000,199,1,5,2,.7296539909971500E-01,1,,7722
2414,564.0000000000000,200,1,1,10,-2.751698690190370,1,,6379
2421,564.0000000000000,200,1,2,7,-.8031871133461657,1,,6126
2423,564.0000000000000,200,1,3,2,.5577598334225797E-01,1,,39186
2426,565.0000000000000,201,1,1,3,-.5541740393786441,1,,36871
2430,565.0000000000000,201,1,2,4,-.2290246699040708,1,,6869
2431,565.0000000000000,201,1,3,1,-.1631936316897509E-02,1,,226840
2434,566.0000000000000,202,1,1,3,-.1789772237153926,1,,6716
2437,566.0000000000000,202,1,2,3,-1.018773390987533,1,,7723
2440,566.0000000000000,202,1,3,3,.2522341912375587,1,,7723
2442,566.0000000000000,202,1,4,2,.7585966075349759E-01,1,,7723
2451,567.0000000000000,203,1,1,9,.7470326248777894,1,,6379
2454,567.0000000000000,203,1,2,3,.2934645631759203,1,,7723
2456,567.0000000000000,203,1,3,2,-.1461795257075629,1,,7723
2458,567.0000000000000,203,1,4,2,-.4450971169457674E-01,1,,7723
2467,568.0000000000000,204,1,1,9,.6802714573991793,1,,5773
2471,568.0000000000000,204,1,2,4,-.1904200820674156,1,,37292
2473,568.0000000000000,204,1,3,2,-.5761692901829463E-01,1,,37292
2478,569.0000000000000,205,1,1,5,-.8851503328994994,1,,5773
2485,569.0000000000000,205,1,2,7,-1.037699427432248,1,,7723
2487,569.0000000000000,205,1,3,2,.3133364739380866,1,,7723
2489,569.0000000000000,205,1,4,2,.9434839531685668E-01,1,,7723
2493,570.0000000000000,206,1,1,4,-.8024077624598185,1,,7723
2497,570.0000000000000,206,1,2,4,-.1323657624616104,1,,6716
2500,570.0000000000000,206,1,3,3,.1297178369333807E-01,1,,7723
2507,571.0000000000000,207,1,1,7,.3878206856457460,1,,3879
2510,571.0000000000000,207,1,2,3,-.4331750227632369E-01,1,,2801
2517,572.0000000000000,208,1,1,7,-.3659460278196640,1,,4817
2520,572.0000000000000,208,1,2,3,-.1123345163566576,1,,7971
2521,572.0000000000000,208,1,3,1,.3208855831516644E-02,1,,54028
2524,573.0000000000000,209,1,1,3,-.7140329504981757E-01,1,,3797
2531,574.0000000000000,210,1,1,7,-.6545585980718016E-01,1,,52128
2534,575.0000000000000,211,1,1,3,-.1639592199897351,1,,8918
2537,575.0000000000000,211,1,2,3,-.5433640892616864E-01,1,,23452
2540,576.0000000000000,212,1,1,3,-.8061280396821502E-01,1,,8781
2547,577.0000000000000,213,1,1,7,-.1249985087801644,1,,36195
2550,577.0000000000000,213,1,2,3,-.1029836709356928,1,,5786
2551,577.0000000000000,213,1,3,1,.3984095149355937E-02,1,,52097
2558,578.0000000000000,214,1,1,7,4.421340813762690,1,,75570
2562,578.0000000000000,214,1,2,4,.1054264838034342,1,,227257
2564,578.0000000000000,214,1,3,2,.1463783656006257E-01,1,,133937
2567,579.0000000000000,215,1,1,3,-.9587808920935714E-01,1,,8531
2570,580.0000000000000,216,1,1,3,-.1236618697137288,1,,6541
2573,580.0000000000000,216,1,2,3,-.8963508111830976E-01,1,,7376
2576,581.0000000000000,217,1,1,3,.2381436699161874,1,,7171
2580,581.0000000000000,217,1,2,4,-.4517739208758798E-01,1,,6349
2583,582.0000000000000,218,1,1,3,-.2686406431806034,1,,7171
2586,582.0000000000000,218,1,2,3,-.2717845033896182E-01,1,,52630
2589,583.0000000000000,219,1,1,3,-.2280719860526759,1,,7642
2592,583.0000000000000,219,1,2,3,-.6524329465085543E-01,1,,8087
2595,584.0000000000000,220,1,1,3,-.5719153714678171E-01,1,,36585
2599,585.0000000000000,221,1,1,4,-.1123038957396076,1,,8426
2603,585.0000000000000,221,1,2,4,-.5385707514038529E-01,1,,227513
2606,586.0000000000000,222,1,1,3,-.7239179466721168E-01,1,,8172
2610,587.0000000000000,223,1,1,4,-.1407071360716436,1,,36617
2614,587.0000000000000,223,1,2,4,-.5625498058400780E-01,1,,227595
2622,588.0000000000000,224,1,1,8,.8010883882515962,1,,7723
2624,588.0000000000000,224,1,2,2,-.3057697707462701,1,,7642
2626,588.0000000000000,224,1,3,2,-.9318360182868801E-01,1,,7642
2630,589.0000000000000,225,1,1,4,.2625693639034310,1,,8164
2633,589.0000000000000,225,1,2,3,-.3843982222012343E-01,1,,6260
2642,590.0000000000000,226,1,1,9,1.440067587013601,1,,7723
2646,590.0000000000000,226,1,2,4,.6444749644712289,1,,7723
2648,590.0000000000000,226,1,3,2,-.5127812028363188,1,,7723
2650,590.0000000000000,226,1,4,2,-.1616336090822443,1,,7723
2652,590.0000000000000,226,1,5,2,-.3319324547036473E-01,1,,7723
2661,591.0000000000000,227,1,1,9,-.8220215228022028,1,,8610
2664,591.0000000000000,227,1,2,3,-2.625404461533080,1,,7723
2666,591.0000000000000,227,1,3,2,.7114881427949591,1,,7723
2668,591.0000000000000,227,1,4,2,.2153291248626914,1,,7723
2670,591.0000000000000,227,1,5,2,.4327416060948863E-01,1,,7723
2673,592.0000000000000,228,1,1,3,-.2939822470529592,1,,7723
2676,592.0000000000000,228,1,2,3,-.6386545491143814E-01,1,,5113
2679,593.0000000000000,229,1,1,3,-.6535671337437421E-01,1,,7642
2685,594.0000000000000,230,1,1,6,1.149772740628876,1,,7723
2688,594.0000000000000,230,1,2,3,.4317743288231624E-01,1,,2412
2698,595.0000000000000,231,1,1,10,3.854882986005506,1,,7723
2705,595.0000000000000,231,1,2,7,-2.400657386565474,1,,7723
2709,595.0000000000000,231,1,3,4,-.8734438435986149,1,,7723
2711,595.0000000000000,231,1,4,2,-.2005493188128540,1,,7723
2713,595.0000000000000,231,1,5,2,.4633788268651529E-01,1,,7722
2723,596.0000000000000,232,1,1,10,-1.292903759990097,1,,6377
2725,596.0000000000000,232,1,2,2,-.6357083313499672,1,,8136
2727,596.0000000000000,232,1,3,2,.2487194213064470E-01,1,,8530
2738,597.0000000000000,233,1,1,11,-.8295260762244325,1,,5773
2740,597.0000000000000,233,1,2,2,-.4384319588051042,1,,7971
2742,597.0000000000000,233,1,3,2,.3502967571442950E-01,1,,2411
2745,598.0000000000000,234,1,1,3,-.2034444956947823,1,,5786
2748,598.0000000000000,234,1,2,3,-2.687978722354718,1,,7723
2751,598.0000000000000,234,1,3,3,.8366753674960385,1,,7723
2754,598.0000000000000,234,1,4,3,.2530676527814109,1,,7723
2756,598.0000000000000,234,1,5,2,.5097529236757481E-01,1,,7723
2759,599.0000000000000,235,1,1,3,-.2195826669202425,1,,7723
2762,599.0000000000000,235,1,2,3,-.1007032169590119,1,,9096
2763,599.0000000000000,235,1,3,1,.4167358390443354E-02,1,,20899
2766,600.0000000000000,236,1,1,3,-.5745074345081358E-01,1,,2407
2773,601.0000000000000,237,1,1,7,-.1730530641936667,1,,5199
2776,601.0000000000000,237,1,2,3,-.3639500649013350E-01,1,,4410
2779,602.0000000000000,238,1,1,3,-.6639714865449520E-01,1,,5611
2786,603.0000000000000,239,1,1,7,-.1636269614286974,1,,6041
2789,603.0000000000000,239,1,2,3,-.5915955709726006E-01,1,,7831
2792,604.0000000000000,240,1,1,3,-.6158163638205139E-01,1,,6845
2799,605.0000000000000,241,1,1,7,-.2090351715138290,1,,7889
2802,605.0000000000000,241,1,2,3,-.3422239977538055E-01,1,,226421
2805,606.0000000000000,242,1,1,3,-.8799208990504326E-01,1,,6948
2812,607.0000000000000,243,1,1,7,-.8137818666683927E-01,1,,22219
2815,608.0000000000000,244,1,1,3,-.6611170709589942,1,,7642
2819,608.0000000000000,244,1,2,4,-.4622571748237192E-01,1,,227764
2832,609.0000000000000,245,1,1,13,9.357778981007705,1,,100335
2835,609.0000000000000,245,1,2,3,.8900324422720018E-01,1,,224071
2843,610.0000000000000,246,1,1,8,-.7538818667059388E-01,1,,9034
2846,611.0000000000000,247,1,1,3,-.9206337980683088E-01,1,,38946
2849,612.0000000000000,248,1,1,3,-.5354603297674743E-01,1,,5672
2856,613.0000000000000,249,1,1,7,-.8873028341411882E-01,1,,21909
2863,614.0000000000000,250,1,1,7,.5115808571243221,1,,6379
2868,614.0000000000000,250,1,2,5,.9081164768487593E-01,1,,2412
2871,615.0000000000000,251,1,1,3,.5471633607091277,1,,7723
2873,615.0000000000000,251,1,2,2,.1024755691854593,1,,2408
2876,615.0000000000000,251,1,3,3,-.2117492613174221E-01,1,,227511
2883,616.0000000000000,252,1,1,7,-1.075094190727814,1,,7723
2887,616.0000000000000,252,1,2,4,-.7842119216656016,1,,7642
2888,616.0000000000000,252,1,3,1,.3284741872925157E-02,1,,2493
2894,617.0000000000000,253,1,1,6,1.319645842594291,1,,7723
2898,617.0000000000000,253,1,2,4,-.2466298014719399,1,,7642
2900,617.0000000000000,253,1,3,2,-.7268430811862459E-01,1,,7642
2912,618.0000000000000,254,1,1,12,5.077050840245125,1,,7723
2918,618.0000000000000,254,1,2,6,-3.194084775297792,1,,7723
2920,618.0000000000000,254,1,3,2,-1.215808925929394,1,,7723
2922,618.0000000000000,254,1,4,2,-.2930364036061484,1,,7723
2924,618.0000000000000,254,1,5,2,.8175597778772214E-01,1,,7722
2931,619.0000000000000,255,1,1,7,-.9389164456868286,1,,8610
2935,619.0000000000000,255,1,2,4,.1505973605456963,1,,2411
2937,619.0000000000000,255,1,3,2,.2276912687759136E-01,1,,8548
2948,620.0000000000000,256,1,1,11,4.772842572600197,1,,5773
2958,620.0000000000000,256,1,2,10,2.313455979005524,1,,2407
2960,620.0000000000000,256,1,3,2,-.4738641638878889,1,,5786
2963,620.0000000000000,256,1,4,3,-.9802785600431108E-01,1,,5786
2978,621.0000000000000,257,1,1,15,-5.036748838341321,1,,2481
2982,621.0000000000000,257,1,2,4,-1.735042505303824,1,,8630
2984,621.0000000000000,257,1,3,2,.3939861261756690,1,,8630
2986,621.0000000000000,257,1,4,2,.1190495534560583,1,,8630
2988,621.0000000000000,257,1,5,2,.2386813758313622E-01,1,,8630
2995,622.0000000000000,258,1,1,7,-.9474392006547596,1,,6295
2998,622.0000000000000,258,1,2,3,-.6372509824473873,1,,5283
3000,622.0000000000000,258,1,3,2,.2924593768971206E-01,1,,36445
3004,623.0000000000000,259,1,1,4,-.4773748782492930,1,,36277
3007,623.0000000000000,259,1,2,3,-.2638833624214456,1,,8548
3009,623.0000000000000,259,1,3,2,.1344420161400706E-01,1,,5701
3013,624.0000000000000,260,1,1,4,-.1626686820478653,1,,6716
3016,624.0000000000000,260,1,2,3,-1.441164021425017,1,,7723
3018,624.0000000000000,260,1,3,2,.2365305915849945,1,,7723
3020,624.0000000000000,260,1,4,2,.7125993293431421E-01,1,,7723
3024,625.0000000000000,261,1,1,4,-.9440296935912471,1,,7723
3027,625.0000000000000,261,1,2,3,-.6370269579645083E-01,1,,39004
3038,626.0000000000000,262,1,1,11,5.611248830022319,1,,7723
3048,626.0000000000000,262,1,2,10,-3.000630474151752,1,,7723
3050,626.0000000000000,262,1,3,2,-1.131656356337565,1,,7723
3053,626.0000000000000,262,1,4,3,-.2700025742495988,1,,7723
3055,626.0000000000000,262,1,5,2,.7166760543072215E-01,1,,7722
3071,627.0000000000000,263,1,1,16,-4.833756124219940,1,,2481
3075,627.0000000000000,263,1,2,4,-1.049155198970583,1,,5367
3077,627.0000000000000,263,1,3,2,.1734527951771927,1,,2496
3079,627.0000000000000,263,1,4,2,.3663974073682574E-01,1,,2496
3086,628.0000000000000,264,1,1,7,-.5224175168541123,1,,5283
3089,628.0000000000000,264,1,2,3,-.4791591617676474,1,,6464
3091,628.0000000000000,264,1,3,2,.1214465115299390E-01,1,,36445
3095,629.0000000000000,265,1,1,4,-.1775800832562879,1,,8548
3098,629.0000000000000,265,1,2,3,-2.710076745138526,1,,7723
3101,629.0000000000000,265,1,3,3,.9157181559153678,1,,7723
3103,629.0000000000000,265,1,4,2,.2777389882602641,1,,7723
3105,629.0000000000000,265,1,5,2,.5588849862372314E-01,1,,7723
3109,630.0000000000000,266,1,1,4,-.1945156379899018,1,,6716
3112,630.0000000000000,266,1,2,3,-.1280276795723090,1,,7642
3113,630.0000000000000,266,1,3,1,.5907861723422059E-02,1,,3538
3117,631.0000000000000,267,1,1,4,-.1179249284323287,1,,34763
3120,631.0000000000000,267,1,2,3,-.4213016730368224E-01,1,,8428
3123,632.0000000000000,268,1,1,3,-.8790279076335272E-01,1,,2497
3144,633.0000000000000,269,1,1,21,15.14181527773270,1,,7723
3159,633.0000000000000,269,1,2,15,-9.952156305500637,1,,7723
3162,633.0000000000000,269,1,3,3,-4.657584152776643,1,,7723
3164,633.0000000000000,269,1,4,2,-1.587866637718001,1,,7723
3169,633.0000000000000,269,1,5,5,.8417821519264024,1,,7722
3171,633.0000000000000,269,1,6,2,.2770185122635169,1,,7722
3173,633.0000000000000,269,1,7,2,.6574732737072253E-01,1,,7722
3185,634.0000000000000,270,1,1,12,-3.016772743383061,1,,2480
3191,634.0000000000000,270,1,2,6,-.9407514881981029,1,,9099
3193,634.0000000000000,270,1,3,2,-.7065896103424407E-01,1,,5360
3204,635.0000000000000,271,1,1,11,-.9096842852237081,1,,2491
3211,635.0000000000000,271,1,2,7,.7950433138209672,1,,2585
3214,635.0000000000000,271,1,3,3,.1248001027713181,1,,2669
3216,635.0000000000000,271,1,4,2,.2478122394085958E-01,1,,2669
3230,636.0000000000000,272,1,1,14,-1.913124032007754,1,,2394
3232,636.0000000000000,272,1,2,2,-.3810274989901750,1,,37033
3235,636.0000000000000,272,1,3,3,.9829526745311057E-01,1,,8218
3248,637.0000000000000,273,1,1,13,-2.849613008716620,1,,5606
3255,637.0000000000000,273,1,2,7,1.005964415929310,1,,2498
3258,637.0000000000000,273,1,3,3,.3014824136225300,1,,2498
3260,637.0000000000000,273,1,4,2,.6015151322516576E-01,1,,2498
3269,638.0000000000000,274,1,1,9,-.6630657844824945,1,,5954
3273,638.0000000000000,274,1,2,4,-.6028435267608323,1,,6715
3275,638.0000000000000,274,1,3,2,.5569095131608748E-01,1,,6715
3292,639.0000000000000,275,1,1,17,20.25715473585644,1,,100335
3294,639.0000000000000,275,1,2,2,-.2467281993466770,1,,8630
3296,639.0000000000000,275,1,3,2,.1649987931510122E-01,1,,2496
3310,640.0000000000000,276,1,1,14,4.959624615716145,1,,2480
3320,640.0000000000000,276,1,2,10,1.827355363815619,1,,2496
3322,640.0000000000000,276,1,3,2,-.2455330770912241,1,,6040
3324,640.0000000000000,276,1,4,2,-.5001928172389114E-01,1,,6040
3340,641.0000000000000,277,1,1,16,-4.731428641889722,1,,2480
3346,641.0000000000000,277,1,2,6,-1.034038821017514,1,,36786
3348,641.0000000000000,277,1,3,2,.1120755019667925,1,,39186
3350,641.0000000000000,277,1,4,2,.3366129155136122E-01,1,,39186
3359,642.0000000000000,278,1,1,9,-.4697833420353827,1,,5282
3362,642.0000000000000,278,1,2,3,-.4699255719031967,1,,5954
3364,642.0000000000000,278,1,3,2,-.1475762006473502E-01,1,,51818
3372,643.0000000000000,279,1,1,8,-.3198203952888434,1,,8630
3375,643.0000000000000,279,1,2,3,-.1881568011849453,1,,6036
3376,643.0000000000000,279,1,3,1,.4816139082212345E-02,1,,20564
3385,644.0000000000000,280,1,1,9,-.2211582784658015,1,,2581
3388,644.0000000000000,280,1,2,3,-.7842644841856838E-01,1,,36780
3395,645.0000000000000,281,1,1,7,-.1969958826140834,1,,2582
3398,645.0000000000000,281,1,2,3,-.3273499169398519E-01,1,,23631
3405,646.0000000000000,282,1,1,7,-.1725919718608830,1,,2583
3409,646.0000000000000,282,1,2,4,-.5966621785443493E-01,1,,4738
3416,647.0000000000000,283,1,1,7,-.1529514853192007,1,,2583
3419,647.0000000000000,283,1,2,3,-.5434323263835505E-01,1,,2114
3426,648.0000000000000,284,1,1,7,-.1357786557115075,1,,2583
3429,648.0000000000000,284,1,2,3,-.8929062385779574E-01,1,,36024
3440,649.0000000000000,285,1,1,11,3.771356890979861,1,,3713
3447,649.0000000000000,285,1,2,7,.9710310775172069,1,,4049
3451,649.0000000000000,285,1,3,4,-.2535496078859012,1,,8256
3453,649.0000000000000,285,1,4,2,-.5168935183124290E-01,1,,8256
3463,650.0000000000000,286,1,1,10,-2.505662697448676,1,,3713
3469,650.0000000000000,286,1,2,6,-.6916375212052230,1,,8953
3471,650.0000000000000,286,1,3,2,.6818889522865845E-01,1,,8872
3484,651.0000000000000,287,1,1,13,-1.368165705890569,1,,5606
3486,651.0000000000000,287,1,2,2,-.4339313736081785,1,,6039
3488,651.0000000000000,287,1,3,2,.3580948860664179E-01,1,,4238
3499,652.0000000000000,288,1,1,11,-.4046486853264497,1,,8792
3501,652.0000000000000,288,1,2,2,-.3336524509186241,1,,5954
3503,652.0000000000000,288,1,3,2,.1161214751160600E-01,1,,2446
3510,653.0000000000000,289,1,1,7,-.3595207762158488,1,,6040
3514,653.0000000000000,289,1,2,4,-.1484515786059823,1,,6715
3516,653.0000000000000,289,1,3,2,.1275311042539418E-01,1,,2586
3523,654.0000000000000,290,1,1,7,-.1804937733909604,1,,5953
3526,654.0000000000000,290,1,2,3,-.5451651317768125E-01,1,,38834
3533,655.0000000000000,291,1,1,7,-.1675131014771694,1,,37373
3536,655.0000000000000,291,1,2,3,-.1352225290496527,1,,21324
3537,655.0000000000000,291,1,3,1,.5789831095665221E-02,1,,20564
3544,656.0000000000000,292,1,1,7,-.1545734953568658,1,,3256
3547,656.0000000000000,292,1,2,3,-.5111961341927351E-01,1,,2709
3555,657.0000000000000,293,1,1,8,-.9925407847905277E-01,1,,4738
3562,658.0000000000000,294,1,1,7,-.9545884959021933E-01,1,,3052
3570,659.0000000000000,295,1,1,8,-.1288009265496690,1,,6204
3573,659.0000000000000,295,1,2,3,-.3200469259675209E-01,1,,2941
3580,660.0000000000000,296,1,1,7,-.7022003146425870E-01,1,,2666
3588,661.0000000000000,297,1,1,8,-.1671658298340208,1,,5197
3591,661.0000000000000,297,1,2,3,-.9466705098751405E-01,1,,5448
3598,662.0000000000000,298,1,1,7,-.6391136230055849E-01,1,,8166
3605,663.0000000000000,299,1,1,7,-.9871497654881534E-01,1,,2044
3614,664.0000000000000,300,1,1,9,2.238195671350365,1,,5606
3621,664.0000000000000,300,1,2,7,.6474913990937292,1,,2407
3624,664.0000000000000,300,1,3,3,-.7440745023373552E-01,1,,8610
3638,665.0000000000000,301,1,1,14,3.708375958629861,1,,2393
3645,665.0000000000000,301,1,2,7,1.080260249932207,1,,4049
3649,665.0000000000000,301,1,3,4,-.3381500019971249,1,,36616
3651,665.0000000000000,301,1,4,2,-.6932642278139056E-01,1,,36616
3670,666.0000000000000,302,1,1,19,-4.319557334120653,1,,2394
3672,666.0000000000000,302,1,2,2,-.9405002458623883,1,,6205
3674,666.0000000000000,302,1,3,2,.1037513111211510,1,,8465
3676,666.0000000000000,302,1,4,2,.2082411242210469E-01,1,,8465
3687,667.0000000000000,303,1,1,11,-1.016494133497893,1,,5606
3691,667.0000000000000,303,1,2,4,-.5409335477742339,1,,5533
3693,667.0000000000000,303,1,3,2,.3257137851248970E-01,1,,37202
3700,668.0000000000000,304,1,1,7,-.3794817736085285,1,,6796
3703,668.0000000000000,304,1,2,3,-.1881570929376224,1,,5954
3704,668.0000000000000,304,1,3,1,.6033566445484695E-02,1,,4770
3713,669.0000000000000,305,1,1,9,-.1912861399370449,1,,36530
3716,669.0000000000000,305,1,2,3,-.2382591493883481,1,,20906
3717,669.0000000000000,305,1,3,1,.3317136081840033E-02,1,,50958
3729,670.0000000000000,306,1,1,12,17.56192881899704,1,,100335
3733,670.0000000000000,306,1,2,4,-.8433136674706887E-01,1,,5953
3745,671.0000000000000,307,1,1,12,2.646712906869020,1,,5606
3752,671.0000000000000,307,1,2,7,.9452024534920813,1,,2407
3755,671.0000000000000,307,1,3,3,-.1427202368778673,1,,36529
3757,671.0000000000000,307,1,4,2,-.2871258483410699E-01,1,,36529
3764,672.0000000000000,308,1,1,7,-.4819962488143936,1,,3713
3769,672.0000000000000,308,1,2,5,.1944254548358391,1,,2497
3771,672.0000000000000,308,1,3,2,-.2129474299444478E-01,1,,3256
3787,673.0000000000000,309,1,1,16,-2.145197698912376,1,,5606
3790,673.0000000000000,309,1,2,3,.3449472273396408,1,,2496
3792,673.0000000000000,309,1,3,2,.1031299415641742,1,,2496
3794,673.0000000000000,309,1,4,2,.2203238449619604E-01,1,,2496
3801,674.0000000000000,310,1,1,7,.6383391665912228,1,,5606
3804,674.0000000000000,310,1,2,3,.7178339654129573E-01,1,,186273
3818,675.0000000000000,311,1,1,14,1.791989588428866,1,,5606
3823,675.0000000000000,311,1,2,5,.3823267451634083,1,,2586
3825,675.0000000000000,311,1,3,2,-.1000689381796462,1,,8792
3827,675.0000000000000,311,1,4,2,-.2013615932177260E-01,1,,8792
3840,676.0000000000000,312,1,1,13,-2.307514440517618,1,,5606
3843,676.0000000000000,312,1,2,3,-.3609960227203022,1,,5282
3845,676.0000000000000,312,1,3,2,.9817869014385661E-01,1,,2496
3856,677.0000000000000,313,1,1,11,-.2065766440228352,1,,36615
3860,677.0000000000000,313,1,2,4,-.9494942123473038E-01,1,,8255
3878,678.0000000000000,314,1,1,18,4.810207701499434,1,,2394
3885,678.0000000000000,314,1,2,7,1.256440869480226,1,,2586
3889,678.0000000000000,314,1,3,4,-.3631786263269774,1,,8792
3891,678.0000000000000,314,1,4,2,-.7429728963433746E-01,1,,8792
3901,679.0000000000000,315,1,1,10,-2.024261648023680,1,,2394
3907,679.0000000000000,315,1,2,6,-.4403761356310660,1,,6463
3909,679.0000000000000,315,1,3,2,.6641120940395240E-01,1,,8465
3922,680.0000000000000,316,1,1,13,-2.696124209337476,1,,5606
3927,680.0000000000000,316,1,2,5,-.6971106000531648,1,,6125
3929,680.0000000000000,316,1,3,2,.1063874034909560,1,,9099
3931,680.0000000000000,316,1,4,2,.3280028992232076E-01,1,,9099
3947,681.0000000000000,317,1,1,16,4.010046892856649,1,,2394
3954,681.0000000000000,317,1,2,7,1.328058739297361,1,,2496
3957,681.0000000000000,317,1,3,3,-.2143401359143375,1,,35857
3959,681.0000000000000,317,1,4,2,-.4309740727530098E-01,1,,35857
3970,682.0000000000000,318,1,1,11,1.890000574498202,1,,6377
3976,682.0000000000000,318,1,2,6,-.8414296797292096,1,,36701
3978,682.0000000000000,318,1,3,2,-.2615674921563418,1,,36701
3980,682.0000000000000,318,1,4,2,-.5325970637406385E-01,1,,36701
3993,683.0000000000000,319,1,1,13,-3.035746607906852,1,,6377
3998,683.0000000000000,319,1,2,5,-.6480475743202661,1,,36026
4000,683.0000000000000,319,1,3,2,.4525738779591748E-01,1,,5445
4011,684.0000000000000,320,1,1,11,1.050211946661314,1,,5606
4015,684.0000000000000,320,1,2,4,-.1716039861691918,1,,36110
4017,684.0000000000000,320,1,3,2,-.5142355624417050E-01,1,,20822
4029,685.0000000000000,321,1,1,12,4.289464634520226,1,,2394
4035,685.0000000000000,321,1,2,6,-1.090077813025431,1,,36701
4040,685.0000000000000,321,1,3,5,-.3423108929573928,1,,36701
4042,685.0000000000000,321,1,4,2,-.7010770165603475E-01,1,,36701
4053,686.0000000000000,322,1,1,11,-3.296010185293017,1,,2394
4062,686.0000000000000,322,1,2,9,-.5537926869697998,1,,6547
4064,686.0000000000000,322,1,3,2,.5351973994667247E-01,1,,8872
4073,687.0000000000000,323,1,1,9,-2.026071503263811,1,,5606
4078,687.0000000000000,323,1,2,5,-.5583914847363616,1,,7888
4082,687.0000000000000,323,1,3,4,.7148039436709475E-01,1,,2749
4091,688.0000000000000,324,1,1,9,-.3533790277569766,1,,2585
4095,688.0000000000000,324,1,2,4,-.3591485728080777,1,,5450
4097,688.0000000000000,324,1,3,2,.2384936260887383E-01,1,,2500
4105,689.0000000000000,325,1,1,8,-.2609401425471907,1,,2585
4109,689.0000000000000,325,1,2,4,-.1215923506214587,1,,6711
4111,689.0000000000000,325,1,3,2,.1676682599373081E-01,1,,5938
4118,690.0000000000000,326,1,1,7,-.2059879422004087,1,,2498
4122,690.0000000000000,326,1,2,4,-.2418964758266497,1,,6038
4124,690.0000000000000,326,1,3,2,.1475547399448196E-01,1,,2038
4131,691.0000000000000,327,1,1,7,-.1808423110896031,1,,2582
4135,691.0000000000000,327,1,2,4,-.1231732889731418,1,,5534
4136,691.0000000000000,327,1,3,1,.8171352563135059E-02,1,,3380
4143,692.0000000000000,328,1,1,7,-.2028191200001208,1,,3175
4147,692.0000000000000,328,1,2,4,.3710786662744603E-01,1,,2039
4159,693.0000000000000,329,1,1,12,2.136526039274194,1,,5606
4165,693.0000000000000,329,1,2,6,.3253696629757936,1,,2496
4167,693.0000000000000,329,1,3,2,-.7233455604885819E-01,1,,39185
4181,694.0000000000000,330,1,1,14,1.843610740664659,1,,2393
4186,694.0000000000000,330,1,2,5,.5140011510486779,1,,5938
4188,694.0000000000000,330,1,3,2,-.1475183598805359,1,,6463
4190,694.0000000000000,330,1,4,2,-.2984129152430626E-01,1,,6463
4204,695.0000000000000,331,1,1,14,1.884163111286242,1,,6377
4211,695.0000000000000,331,1,2,7,1.230547995768468,1,,4927
4214,695.0000000000000,331,1,3,3,-.2494287301576996,1,,36870
4216,695.0000000000000,331,1,4,2,-.6362023642034487E-01,1,,4927
4230,696.0000000000000,332,1,1,14,-4.338475750527085,1,,5773
4236,696.0000000000000,332,1,2,6,-1.408789726060576,1,,36785
4238,696.0000000000000,332,1,3,2,.2753451310261070,1,,8791
4240,696.0000000000000,332,1,4,2,.8290774933988132E-01,1,,8791
4249,697.0000000000000,333,1,1,9,-.6879440771698313,1,,6121
4253,697.0000000000000,333,1,2,4,-.6214010920820741,1,,6294
4255,697.0000000000000,333,1,3,2,.4377503459616605E-01,1,,9100
4264,698.0000000000000,334,1,1,9,-.2482095368599593,1,,2585
4268,698.0000000000000,334,1,2,4,-.1438325523295170,1,,6954
4270,698.0000000000000,334,1,3,2,.1090942689203711E-01,1,,18380
4277,699.0000000000000,335,1,1,7,-.1910606366048135,1,,2585
4281,699.0000000000000,335,1,2,4,-.1115365373074013,1,,7888
4283,699.0000000000000,335,1,3,2,.1375301407159313E-01,1,,1955
4295,700.0000000000000,336,1,1,12,-1.775403895277975,1,,132287
4300,700.0000000000000,336,1,2,5,.1843655571822005,1,,2496
4302,700.0000000000000,336,1,3,2,-.4732389000233894E-01,1,,38751
4316,701.0000000000000,337,1,1,14,1.772879147754185,1,,5606
4321,701.0000000000000,337,1,2,5,.4673120478375949,1,,4927
4323,701.0000000000000,337,1,3,2,-.6145654240802401E-01,1,,37443
4336,702.0000000000000,338,1,1,13,-2.706703705701486,1,,5606
4341,702.0000000000000,338,1,2,5,-.5235002512448190,1,,36870
4343,702.0000000000000,338,1,3,2,.7909363749757858E-01,1,,2500
4352,703.0000000000000,339,1,1,9,-.2218410077017694,1,,4133
4355,703.0000000000000,339,1,2,3,-.1136175446976360,1,,6453
4357,703.0000000000000,339,1,3,2,.1444798690933968E-01,1,,2038
4364,704.0000000000000,340,1,1,7,-.1810646848912008,1,,3175
4368,704.0000000000000,340,1,2,4,.6045882496632693E-01,1,,2669
4375,705.0000000000000,341,1,1,7,-.1854301810292061,1,,3509
4378,705.0000000000000,341,1,2,3,-.1687996112153414,1,,36026
4379,705.0000000000000,341,1,3,1,.9490824978588108E-02,1,,2039
4386,706.0000000000000,342,1,1,7,-.1110808417500557,1,,2582
4389,706.0000000000000,342,1,2,3,-.9535091163263587E-01,1,,7888
4396,707.0000000000000,343,1,1,7,-.1233388916314055,1,,2793
4399,707.0000000000000,343,1,2,3,-.6074990386217038E-01,1,,5695
4406,708.0000000000000,344,1,1,7,-.9378998341239964E-01,1,,5695
4414,709.0000000000000,345,1,1,8,-.2104726811644149,1,,37039
4417,709.0000000000000,345,1,2,3,-.4517185230261411E-01,1,,2968
4424,710.0000000000000,346,1,1,7,-.1099472760184579,1,,3446
4425,710.0000000000000,346,1,2,1,-.9636112164145061E-02,1,,51459
4432,711.0000000000000,347,1,1,7,-.7746209197467024E-01,1,,3707
4440,712.0000000000000,348,1,1,8,-.9827915147824484E-01,1,,6789
4447,713.0000000000000,349,1,1,7,-.7306663422527393E-01,1,,3213
4453,714.0000000000000,350,1,1,6,.6438177935450256,1,,5606
4456,714.0000000000000,350,1,2,3,.6692290064493545E-01,1,,186021
4470,715.0000000000000,351,1,1,14,2.807253190471173,1,,2393
4477,715.0000000000000,351,1,2,7,-.6770642541081209,1,,6463
4480,715.0000000000000,351,1,3,3,-.2095155663741117,1,,6463
4482,715.0000000000000,351,1,4,2,-.4256254585904884E-01,1,,6463
4495,716.0000000000000,352,1,1,13,-2.970051151078639,1,,2394
4501,716.0000000000000,352,1,2,6,-.8243360088630816,1,,6631
4503,716.0000000000000,352,1,3,2,.1044156583251805,1,,7805
4505,716.0000000000000,352,1,4,2,.3136990750127922E-01,1,,7805
4514,717.0000000000000,353,1,1,9,-.3305081235527858,1,,5450
4517,717.0000000000000,353,1,2,3,-.1708965499063666,1,,22242
4518,717.0000000000000,353,1,3,1,-.4219367377174876E-02,1,,54298
4525,718.0000000000000,354,1,1,7,-.1275405614054073,1,,4133
4528,718.0000000000000,354,1,2,3,-.1510178090002867,1,,37039
4529,718.0000000000000,354,1,3,1,.7967277522098470E-02,1,,5938
4546,719.0000000000000,355,1,1,17,2.884888374572341,1,,5606
4550,719.0000000000000,355,1,2,4,.5721644212791759,1,,5350
4553,719.0000000000000,355,1,3,3,-.1589897114992880,1,,37039
4555,719.0000000000000,355,1,4,2,-.3218043136273963E-01,1,,37039
4576,720.0000000000000,356,1,1,21,5.283815484595626,1,,2480
4584,720.0000000000000,356,1,2,8,1.773640280578944,1,,2669
4586,720.0000000000000,356,1,3,2,-.5448254131262971,1,,7805
4588,720.0000000000000,356,1,4,2,-.1096087802261465,1,,36870
4590,720.0000000000000,356,1,5,2,.1583238623252470E-01,1,,7721
4612,721.0000000000000,357,1,1,22,-7.237772961968874,1,,2480
4615,721.0000000000000,357,1,2,3,-1.956613241139365,1,,8465
4617,721.0000000000000,357,1,3,2,.4537696180252482,1,,8465
4619,721.0000000000000,357,1,4,2,.1369553525604559,1,,8465
4621,721.0000000000000,357,1,5,2,.2741133111815941E-01,1,,8465
4628,722.0000000000000,358,1,1,7,-.8194896636256885,1,,36700
4632,722.0000000000000,358,1,2,4,-.4621904300013000,1,,9111
4634,722.0000000000000,358,1,3,2,.4416697469346786E-01,1,,9101
4643,723.0000000000000,359,1,1,9,-.2893123327068565,1,,6542
4646,723.0000000000000,359,1,2,3,-.2855400556505359,1,,6122
4647,723.0000000000000,359,1,3,1,.8639322740584987E-02,1,,35502
4658,724.0000000000000,360,1,1,11,-.5042241563375462,1,,6547
4660,724.0000000000000,360,1,2,2,-.2916644625959854,1,,6631
4662,724.0000000000000,360,1,3,2,.2257494761137835E-01,1,,5191
4669,725.0000000000000,361,1,1,7,-.2372210944316606,1,,7805
4672,725.0000000000000,361,1,2,3,.5378237986015089E-01,1,,2669
4679,726.0000000000000,362,1,1,7,-.1357578511119524,1,,2498
4682,726.0000000000000,362,1,2,3,-.5384107546108652E-01,1,,7412
4700,727.0000000000000,363,1,1,18,4.438058963273492,1,,2480
4707,727.0000000000000,363,1,2,7,1.452368038984638,1,,2496
4713,727.0000000000000,363,1,3,6,-.3333082660608468,1,,7805
4715,727.0000000000000,363,1,4,2,-.6786418110427661E-01,1,,7805
4734,728.0000000000000,364,1,1,19,-4.193655021489997,1,,2480
4739,728.0000000000000,364,1,2,5,-1.127354207013234,1,,22000
4741,728.0000000000000,364,1,3,2,.1449129381492256,1,,7722
4743,728.0000000000000,364,1,4,2,.4127955716873544E-01,1,,9009
4752,729.0000000000000,365,1,1,9,-.5990117325791786,1,,21830
4754,729.0000000000000,365,1,2,2,-.3725741556172437,1,,8791
4759,729.0000000000000,365,1,3,5,-.2078325705384110E-01,1,,186865
4776,730.0000000000000,366,1,1,17,2.857711769772088,1,,5606
4782,730.0000000000000,366,1,2,6,.8080866234583475,1,,2496
4784,730.0000000000000,366,1,3,2,-.8165806102368833E-01,1,,5191
